IndicatorCode,Indicator,ValueType,ParentLocationCode,ParentLocation,Location type,SpatialDimValueCode,Location,Period type,Period,IsLatestYear,Dim1 type,Dim1,Dim1ValueCode,Dim2 type,Dim2,Dim2ValueCode,Dim3 type,Dim3,Dim3ValueCode,DataSourceDimValueCode,DataSource,FactValueNumericPrefix,FactValueNumeric,FactValueUoM,FactValueNumericLowPrefix,FactValueNumericLow,FactValueNumericHighPrefix,FactValueNumericHigh,Value,FactValueTranslationID,FactComments,Language,DateModified
MALARIA_1STLINE_TREATED,Number of malaria cases treated with any first  line tx courses (including artemisinin-based combination therapies (ACTs)),numeric,AMR,Americas,Country,BLZ,Belize,Year,2021,true,,,,,,,,,,,,,0,,,,,,0,,,EN,2023-05-10T04:00:00.000Z
MALARIA_1STLINE_TREATED,Number of malaria cases treated with any first  line tx courses (including artemisinin-based combination therapies (ACTs)),numeric,SEAR,South-East Asia,Country,TLS,Timor-Leste,Year,2021,true,,,,,,,,,,,,,0,,,,,,0,,,EN,2023-05-10T04:00:00.000Z
MALARIA_1STLINE_TREATED,Number of malaria cases treated with any first  line tx courses (including artemisinin-based combination therapies (ACTs)),numeric,AFR,Africa,Country,TCD,Chad,Year,2021,true,,,,,,,,,,,,,1012958,,,,,,1 012 958,,,EN,2023-05-10T04:00:00.000Z
MALARIA_1STLINE_TREATED,Number of malaria cases treated with any first  line tx courses (including artemisinin-based combination therapies (ACTs)),numeric,AFR,Africa,Country,ETH,Ethiopia,Year,2021,true,,,,,,,,,,,,,1144562,,,,,,1 144 562,,,EN,2023-05-10T04:00:00.000Z
MALARIA_1STLINE_TREATED,Number of malaria cases treated with any first  line tx courses (including artemisinin-based combination therapies (ACTs)),numeric,WPR,Western Pacific,Country,PNG,Papua New Guinea,Year,2021,true,,,,,,,,,,,,,1324753,,,,,,1 324 753,,,EN,2023-05-10T04:00:00.000Z
MALARIA_1STLINE_TREATED,Number of malaria cases treated with any first  line tx courses (including artemisinin-based combination therapies (ACTs)),numeric,AFR,Africa,Country,CMR,Cameroon,Year,2021,true,,,,,,,,,,,,,1439118,,,,,,1 439 118,,,EN,2023-05-10T04:00:00.000Z
MALARIA_1STLINE_TREATED,Number of malaria cases treated with any first  line tx courses (including artemisinin-based combination therapies (ACTs)),numeric,AFR,Africa,Country,SSD,South Sudan,Year,2021,true,,,,,,,,,,,,,1618709,,,,,,1 618 709,,,EN,2023-05-10T04:00:00.000Z
MALARIA_1STLINE_TREATED,Number of malaria cases treated with any first  line tx courses (including artemisinin-based combination therapies (ACTs)),numeric,AFR,Africa,Country,TGO,Togo,Year,2021,true,,,,,,,,,,,,,1772292,,,,,,1 772 292,,,EN,2023-05-10T04:00:00.000Z
MALARIA_1STLINE_TREATED,Number of malaria cases treated with any first  line tx courses (including artemisinin-based combination therapies (ACTs)),numeric,AFR,Africa,Country,MDG,Madagascar,Year,2021,true,,,,,,,,,,,,,1947787,,,,,,1 947 787,,,EN,2023-05-10T04:00:00.000Z
MALARIA_1STLINE_TREATED,Number of malaria cases treated with any first  line tx courses (including artemisinin-based combination therapies (ACTs)),numeric,AMR,Americas,Country,PRY,Paraguay,Year,2021,true,,,,,,,,,,,,,102,,,,,,102,,,EN,2023-05-10T04:00:00.000Z
MALARIA_1STLINE_TREATED,Number of malaria cases treated with any first  line tx courses (including artemisinin-based combination therapies (ACTs)),numeric,AFR,Africa,Country,BFA,Burkina Faso,Year,2021,true,,,,,,,,,,,,,11030942,,,,,,11 030 942,,,EN,2023-05-10T04:00:00.000Z
MALARIA_1STLINE_TREATED,Number of malaria cases treated with any first  line tx courses (including artemisinin-based combination therapies (ACTs)),numeric,SEAR,South-East Asia,Country,PRK,Democratic People's Republic of Korea,Year,2021,true,,,,,,,,,,,,,1101,,,,,,1101,,,EN,2023-05-10T04:00:00.000Z
MALARIA_1STLINE_TREATED,Number of malaria cases treated with any first  line tx courses (including artemisinin-based combination therapies (ACTs)),numeric,WPR,Western Pacific,Country,SLB,Solomon Islands,Year,2021,true,,,,,,,,,,,,,118643,,,,,,118 643,,,EN,2023-05-10T04:00:00.000Z
MALARIA_1STLINE_TREATED,Number of malaria cases treated with any first  line tx courses (including artemisinin-based combination therapies (ACTs)),numeric,AMR,Americas,Country,GTM,Guatemala,Year,2021,true,,,,,,,,,,,,,1265,,,,,,1265,,,EN,2023-05-10T04:00:00.000Z
MALARIA_1STLINE_TREATED,Number of malaria cases treated with any first  line tx courses (including artemisinin-based combination therapies (ACTs)),numeric,AFR,Africa,Country,UGA,Uganda,Year,2021,true,,,,,,,,,,,,,13522685,,,,,,13 522 685,,,EN,2023-05-10T04:00:00.000Z
MALARIA_1STLINE_TREATED,Number of malaria cases treated with any first  line tx courses (including artemisinin-based combination therapies (ACTs)),numeric,AFR,Africa,Country,NAM,Namibia,Year,2021,true,,,,,,,,,,,,,13738,,,,,,13 738,,,EN,2023-05-10T04:00:00.000Z
MALARIA_1STLINE_TREATED,Number of malaria cases treated with any first  line tx courses (including artemisinin-based combination therapies (ACTs)),numeric,AFR,Africa,Country,ZWE,Zimbabwe,Year,2021,true,,,,,,,,,,,,,133926,,,,,,133 926,,,EN,2023-05-10T04:00:00.000Z
MALARIA_1STLINE_TREATED,Number of malaria cases treated with any first  line tx courses (including artemisinin-based combination therapies (ACTs)),numeric,AMR,Americas,Country,BRA,Brazil,Year,2021,true,,,,,,,,,,,,,137289,,,,,,137 289,,,EN,2023-05-10T04:00:00.000Z
MALARIA_1STLINE_TREATED,Number of malaria cases treated with any first  line tx courses (including artemisinin-based combination therapies (ACTs)),numeric,SEAR,South-East Asia,Country,MMR,Myanmar,Year,2021,true,,,,,,,,,,,,,15127,,,,,,15 127,,,EN,2023-05-10T04:00:00.000Z
MALARIA_1STLINE_TREATED,Number of malaria cases treated with any first  line tx courses (including artemisinin-based combination therapies (ACTs)),numeric,AFR,Africa,Country,ZAF,South Africa,Year,2021,true,,,,,,,,,,,,,16853,,,,,,16 853,,,EN,2023-05-10T04:00:00.000Z
MALARIA_1STLINE_TREATED,Number of malaria cases treated with any first  line tx courses (including artemisinin-based combination therapies (ACTs)),numeric,AFR,Africa,Country,COG,Congo,Year,2021,true,,,,,,,,,,,,,161693,,,,,,161 693,,,EN,2023-05-10T04:00:00.000Z
MALARIA_1STLINE_TREATED,Number of malaria cases treated with any first  line tx courses (including artemisinin-based combination therapies (ACTs)),numeric,SEAR,South-East Asia,Country,IND,India,Year,2021,true,,,,,,,,,,,,,161753,,,,,,161 753,,,EN,2023-05-10T04:00:00.000Z
MALARIA_1STLINE_TREATED,Number of malaria cases treated with any first  line tx courses (including artemisinin-based combination therapies (ACTs)),numeric,AFR,Africa,Country,GNB,Guinea-Bissau,Year,2021,true,,,,,,,,,,,,,168720,,,,,,168 720,,,EN,2023-05-10T04:00:00.000Z
MALARIA_1STLINE_TREATED,Number of malaria cases treated with any first  line tx courses (including artemisinin-based combination therapies (ACTs)),numeric,WPR,Western Pacific,Country,VNM,Viet Nam,Year,2021,true,,,,,,,,,,,,,1799,,,,,,1799,,,EN,2023-05-10T04:00:00.000Z
MALARIA_1STLINE_TREATED,Number of malaria cases treated with any first  line tx courses (including artemisinin-based combination therapies (ACTs)),numeric,AMR,Americas,Country,PER,Peru,Year,2021,true,,,,,,,,,,,,,18140,,,,,,18 140,,,EN,2023-05-10T04:00:00.000Z
MALARIA_1STLINE_TREATED,Number of malaria cases treated with any first  line tx courses (including artemisinin-based combination therapies (ACTs)),numeric,AFR,Africa,Country,COD,Democratic Republic of the Congo,Year,2021,true,,,,,,,,,,,,,18535664,,,,,,18 535 664,,,EN,2023-05-10T04:00:00.000Z
MALARIA_1STLINE_TREATED,Number of malaria cases treated with any first  line tx courses (including artemisinin-based combination therapies (ACTs)),numeric,AMR,Americas,Country,VEN,Venezuela (Bolivarian Republic of),Year,2021,true,,,,,,,,,,,,,194057,,,,,,194 057,,,EN,2023-05-10T04:00:00.000Z
MALARIA_1STLINE_TREATED,Number of malaria cases treated with any first  line tx courses (including artemisinin-based combination therapies (ACTs)),numeric,AFR,Africa,Country,CAF,Central African Republic,Year,2021,true,,,,,,,,,,,,,2223562,,,,,,2 223 562,,,EN,2023-05-10T04:00:00.000Z
MALARIA_1STLINE_TREATED,Number of malaria cases treated with any first  line tx courses (including artemisinin-based combination therapies (ACTs)),numeric,AFR,Africa,Country,GIN,Guinea,Year,2021,true,,,,,,,,,,,,,2358447,,,,,,2 358 447,,,EN,2023-05-10T04:00:00.000Z
MALARIA_1STLINE_TREATED,Number of malaria cases treated with any first  line tx courses (including artemisinin-based combination therapies (ACTs)),numeric,AFR,Africa,Country,BEN,Benin,Year,2021,true,,,,,,,,,,,,,2985960,,,,,,2 985 960,,,EN,2023-05-10T04:00:00.000Z
MALARIA_1STLINE_TREATED,Number of malaria cases treated with any first  line tx courses (including artemisinin-based combination therapies (ACTs)),numeric,AFR,Africa,Country,CPV,Cabo Verde,Year,2021,true,,,,,,,,,,,,,21,,,,,,21,,,EN,2023-05-10T04:00:00.000Z
MALARIA_1STLINE_TREATED,Number of malaria cases treated with any first  line tx courses (including artemisinin-based combination therapies (ACTs)),numeric,AFR,Africa,Country,ZMB,Zambia,Year,2021,true,,,,,,,,,,,,,21379380,,,,,,21 379 380,,,EN,2023-05-10T04:00:00.000Z
MALARIA_1STLINE_TREATED,Number of malaria cases treated with any first  line tx courses (including artemisinin-based combination therapies (ACTs)),numeric,AFR,Africa,Country,RWA,Rwanda,Year,2021,true,,,,,,,,,,,,,221509,,,,,,221 509,,,EN,2023-05-10T04:00:00.000Z
MALARIA_1STLINE_TREATED,Number of malaria cases treated with any first  line tx courses (including artemisinin-based combination therapies (ACTs)),numeric,SEAR,South-East Asia,Country,BTN,Bhutan,Year,2021,true,,,,,,,,,,,,,23,,,,,,23,,,EN,2023-05-10T04:00:00.000Z
MALARIA_1STLINE_TREATED,Number of malaria cases treated with any first  line tx courses (including artemisinin-based combination therapies (ACTs)),numeric,AMR,Americas,Country,ECU,Ecuador,Year,2021,true,,,,,,,,,,,,,2450,,,,,,2450,,,EN,2023-05-10T04:00:00.000Z
MALARIA_1STLINE_TREATED,Number of malaria cases treated with any first  line tx courses (including artemisinin-based combination therapies (ACTs)),numeric,AFR,Africa,Country,STP,Sao Tome and Principe,Year,2021,true,,,,,,,,,,,,,2515,,,,,,2515,,,EN,2023-05-10T04:00:00.000Z
MALARIA_1STLINE_TREATED,Number of malaria cases treated with any first  line tx courses (including artemisinin-based combination therapies (ACTs)),numeric,AFR,Africa,Country,GAB,Gabon,Year,2021,true,,,,,,,,,,,,,255700,,,,,,255 700,,,EN,2023-05-10T04:00:00.000Z
MALARIA_1STLINE_TREATED,Number of malaria cases treated with any first  line tx courses (including artemisinin-based combination therapies (ACTs)),numeric,EMR,Eastern Mediterranean,Country,SAU,Saudi Arabia,Year,2021,true,,,,,,,,,,,,,2616,,,,,,2616,,,EN,2023-05-10T04:00:00.000Z
MALARIA_1STLINE_TREATED,Number of malaria cases treated with any first  line tx courses (including artemisinin-based combination therapies (ACTs)),numeric,AMR,Americas,Country,MEX,Mexico,Year,2021,true,,,,,,,,,,,,,275,,,,,,275,,,EN,2023-05-10T04:00:00.000Z
MALARIA_1STLINE_TREATED,Number of malaria cases treated with any first  line tx courses (including artemisinin-based combination therapies (ACTs)),numeric,AMR,Americas,Country,DOM,Dominican Republic,Year,2021,true,,,,,,,,,,,,,291,,,,,,291,,,EN,2023-05-10T04:00:00.000Z
MALARIA_1STLINE_TREATED,Number of malaria cases treated with any first  line tx courses (including artemisinin-based combination therapies (ACTs)),numeric,WPR,Western Pacific,Country,KOR,Republic of Korea,Year,2021,true,,,,,,,,,,,,,294,,,,,,294,,,EN,2023-05-10T04:00:00.000Z
MALARIA_1STLINE_TREATED,Number of malaria cases treated with any first  line tx courses (including artemisinin-based combination therapies (ACTs)),numeric,SEAR,South-East Asia,Country,IDN,Indonesia,Year,2021,true,,,,,,,,,,,,,299148,,,,,,299 148,,,EN,2023-05-10T04:00:00.000Z
MALARIA_1STLINE_TREATED,Number of malaria cases treated with any first  line tx courses (including artemisinin-based combination therapies (ACTs)),numeric,AFR,Africa,Country,MLI,Mali,Year,2021,true,,,,,,,,,,,,,3153865,,,,,,3 153 865,,,EN,2023-05-10T04:00:00.000Z
MALARIA_1STLINE_TREATED,Number of malaria cases treated with any first  line tx courses (including artemisinin-based combination therapies (ACTs)),numeric,AFR,Africa,Country,NER,Niger,Year,2021,true,,,,,,,,,,,,,3251475,,,,,,3 251 475,,,EN,2023-05-10T04:00:00.000Z
MALARIA_1STLINE_TREATED,Number of malaria cases treated with any first  line tx courses (including artemisinin-based combination therapies (ACTs)),numeric,AFR,Africa,Country,SLE,Sierra Leone,Year,2021,true,,,,,,,,,,,,,3394004,,,,,,3 394 004,,,EN,2023-05-10T04:00:00.000Z
MALARIA_1STLINE_TREATED,Number of malaria cases treated with any first  line tx courses (including artemisinin-based combination therapies (ACTs)),numeric,AFR,Africa,Country,KEN,Kenya,Year,2021,true,,,,,,,,,,,,,3618614,,,,,,3 618 614,,,EN,2023-05-10T04:00:00.000Z
MALARIA_1STLINE_TREATED,Number of malaria cases treated with any first  line tx courses (including artemisinin-based combination therapies (ACTs)),numeric,EMR,Eastern Mediterranean,Country,SDN,Sudan,Year,2021,true,,,,,,,,,,,,,3708843,,,,,,3 708 843,,,EN,2023-05-10T04:00:00.000Z
MALARIA_1STLINE_TREATED,Number of malaria cases treated with any first  line tx courses (including artemisinin-based combination therapies (ACTs)),numeric,WPR,Western Pacific,Country,VUT,Vanuatu,Year,2021,true,,,,,,,,,,,,,304,,,,,,304,,,EN,2023-05-10T04:00:00.000Z
MALARIA_1STLINE_TREATED,Number of malaria cases treated with any first  line tx courses (including artemisinin-based combination therapies (ACTs)),numeric,SEAR,South-East Asia,Country,THA,Thailand,Year,2021,true,,,,,,,,,,,,,3254,,,,,,3254,,,EN,2023-05-10T04:00:00.000Z
MALARIA_1STLINE_TREATED,Number of malaria cases treated with any first  line tx courses (including artemisinin-based combination therapies (ACTs)),numeric,AFR,Africa,Country,NGA,Nigeria,Year,2021,true,,,,,,,,,,,,,34236521,,,,,,34 236 521,,,EN,2023-05-10T04:00:00.000Z
MALARIA_1STLINE_TREATED,Number of malaria cases treated with any first  line tx courses (including artemisinin-based combination therapies (ACTs)),numeric,AFR,Africa,Country,MRT,Mauritania,Year,2021,true,,,,,,,,,,,,,342,,,,,,342,,,EN,2023-05-10T04:00:00.000Z
MALARIA_1STLINE_TREATED,Number of malaria cases treated with any first  line tx courses (including artemisinin-based combination therapies (ACTs)),numeric,AMR,Americas,Country,PAN,Panama,Year,2021,true,,,,,,,,,,,,,3539,,,,,,3539,,,EN,2023-05-10T04:00:00.000Z
MALARIA_1STLINE_TREATED,Number of malaria cases treated with any first  line tx courses (including artemisinin-based combination therapies (ACTs)),numeric,AMR,Americas,Country,COL,Colombia,Year,2021,true,,,,,,,,,,,,,36531,,,,,,36 531,,,EN,2023-05-10T04:00:00.000Z
MALARIA_1STLINE_TREATED,Number of malaria cases treated with any first  line tx courses (including artemisinin-based combination therapies (ACTs)),numeric,AMR,Americas,Country,GUY,Guyana,Year,2021,true,,,,,,,,,,,,,36844,,,,,,36 844,,,EN,2023-05-10T04:00:00.000Z
MALARIA_1STLINE_TREATED,Number of malaria cases treated with any first  line tx courses (including artemisinin-based combination therapies (ACTs)),numeric,EMR,Eastern Mediterranean,Country,PAK,Pakistan,Year,2021,true,,,,,,,,,,,,,365626,,,,,,365 626,,,EN,2023-05-10T04:00:00.000Z
MALARIA_1STLINE_TREATED,Number of malaria cases treated with any first  line tx courses (including artemisinin-based combination therapies (ACTs)),numeric,WPR,Western Pacific,Country,MYS,Malaysia,Year,2021,true,,,,,,,,,,,,,3676,,,,,,3676,,,EN,2023-05-10T04:00:00.000Z
MALARIA_1STLINE_TREATED,Number of malaria cases treated with any first  line tx courses (including artemisinin-based combination therapies (ACTs)),numeric,WPR,Western Pacific,Country,LAO,Lao People's Democratic Republic,Year,2021,true,,,,,,,,,,,,,3852,,,,,,3852,,,EN,2023-05-10T04:00:00.000Z
MALARIA_1STLINE_TREATED,Number of malaria cases treated with any first  line tx courses (including artemisinin-based combination therapies (ACTs)),numeric,SEAR,South-East Asia,Country,NPL,Nepal,Year,2021,true,,,,,,,,,,,,,391,,,,,,391,,,EN,2023-05-10T04:00:00.000Z
MALARIA_1STLINE_TREATED,Number of malaria cases treated with any first  line tx courses (including artemisinin-based combination therapies (ACTs)),numeric,WPR,Western Pacific,Country,PHL,Philippines,Year,2021,true,,,,,,,,,,,,,3999,,,,,,3999,,,EN,2023-05-10T04:00:00.000Z
MALARIA_1STLINE_TREATED,Number of malaria cases treated with any first  line tx courses (including artemisinin-based combination therapies (ACTs)),numeric,AFR,Africa,Country,ERI,Eritrea,Year,2021,true,,,,,,,,,,,,,42056,,,,,,42 056,,,EN,2023-05-10T04:00:00.000Z
MALARIA_1STLINE_TREATED,Number of malaria cases treated with any first  line tx courses (including artemisinin-based combination therapies (ACTs)),numeric,WPR,Western Pacific,Country,KHM,Cambodia,Year,2021,true,,,,,,,,,,,,,4270,,,,,,4270,,,EN,2023-05-10T04:00:00.000Z
MALARIA_1STLINE_TREATED,Number of malaria cases treated with any first  line tx courses (including artemisinin-based combination therapies (ACTs)),numeric,AFR,Africa,Country,GHA,Ghana,Year,2021,true,,,,,,,,,,,,,5728505,,,,,,5 728 505,,,EN,2023-05-10T04:00:00.000Z
MALARIA_1STLINE_TREATED,Number of malaria cases treated with any first  line tx courses (including artemisinin-based combination therapies (ACTs)),numeric,AFR,Africa,Country,TZA,United Republic of Tanzania,Year,2021,true,,,,,,,,,,,,,5874588,,,,,,5 874 588,,,EN,2023-05-10T04:00:00.000Z
MALARIA_1STLINE_TREATED,Number of malaria cases treated with any first  line tx courses (including artemisinin-based combination therapies (ACTs)),numeric,AFR,Africa,Country,BDI,Burundi,Year,2021,true,,,,,,,,,,,,,5953811,,,,,,5 953 811,,,EN,2023-05-10T04:00:00.000Z
MALARIA_1STLINE_TREATED,Number of malaria cases treated with any first  line tx courses (including artemisinin-based combination therapies (ACTs)),numeric,AMR,Americas,Country,CRI,Costa Rica,Year,2021,true,,,,,,,,,,,,,504,,,,,,504,,,EN,2023-05-10T04:00:00.000Z
MALARIA_1STLINE_TREATED,Number of malaria cases treated with any first  line tx courses (including artemisinin-based combination therapies (ACTs)),numeric,AFR,Africa,Country,SEN,Senegal,Year,2021,true,,,,,,,,,,,,,536850,,,,,,536 850,,,EN,2023-05-10T04:00:00.000Z
MALARIA_1STLINE_TREATED,Number of malaria cases treated with any first  line tx courses (including artemisinin-based combination therapies (ACTs)),numeric,EMR,Eastern Mediterranean,Country,DJI,Djibouti,Year,2021,true,,,,,,,,,,,,,56081,,,,,,56 081,,,EN,2023-05-10T04:00:00.000Z
MALARIA_1STLINE_TREATED,Number of malaria cases treated with any first  line tx courses (including artemisinin-based combination therapies (ACTs)),numeric,AFR,Africa,Country,CIV,Côte d’Ivoire,Year,2021,true,,,,,,,,,,,,,6422581,,,,,,6 422 581,,,EN,2023-05-10T04:00:00.000Z
MALARIA_1STLINE_TREATED,Number of malaria cases treated with any first  line tx courses (including artemisinin-based combination therapies (ACTs)),numeric,AFR,Africa,Country,MWI,Malawi,Year,2021,true,,,,,,,,,,,,,6723831,,,,,,6 723 831,,,EN,2023-05-10T04:00:00.000Z
MALARIA_1STLINE_TREATED,Number of malaria cases treated with any first  line tx courses (including artemisinin-based combination therapies (ACTs)),numeric,AFR,Africa,Country,SWZ,Eswatini,Year,2021,true,,,,,,,,,,,,,606,,,,,,606,,,EN,2023-05-10T04:00:00.000Z
MALARIA_1STLINE_TREATED,Number of malaria cases treated with any first  line tx courses (including artemisinin-based combination therapies (ACTs)),numeric,AFR,Africa,Country,AGO,Angola,Year,2021,true,,,,,,,,,,,,,7793251,,,,,,7 793 251,,,EN,2023-05-10T04:00:00.000Z
MALARIA_1STLINE_TREATED,Number of malaria cases treated with any first  line tx courses (including artemisinin-based combination therapies (ACTs)),numeric,AFR,Africa,Country,GMB,Gambia,Year,2021,true,,,,,,,,,,,,,72247,,,,,,72 247,,,EN,2023-05-10T04:00:00.000Z
MALARIA_1STLINE_TREATED,Number of malaria cases treated with any first  line tx courses (including artemisinin-based combination therapies (ACTs)),numeric,SEAR,South-East Asia,Country,BGD,Bangladesh,Year,2021,true,,,,,,,,,,,,,7294,,,,,,7294,,,EN,2023-05-10T04:00:00.000Z
MALARIA_1STLINE_TREATED,Number of malaria cases treated with any first  line tx courses (including artemisinin-based combination therapies (ACTs)),numeric,AMR,Americas,Country,SUR,Suriname,Year,2021,true,,,,,,,,,,,,,76,,,,,,76,,,EN,2023-05-10T04:00:00.000Z
MALARIA_1STLINE_TREATED,Number of malaria cases treated with any first  line tx courses (including artemisinin-based combination therapies (ACTs)),numeric,AFR,Africa,Country,LBR,Liberia,Year,2021,true,,,,,,,,,,,,,835087,,,,,,835 087,,,EN,2023-05-10T04:00:00.000Z
MALARIA_1STLINE_TREATED,Number of malaria cases treated with any first  line tx courses (including artemisinin-based combination therapies (ACTs)),numeric,EMR,Eastern Mediterranean,Country,AFG,Afghanistan,Year,2021,true,,,,,,,,,,,,,84873,,,,,,84 873,,,EN,2023-05-10T04:00:00.000Z
MALARIA_1STLINE_TREATED,Number of malaria cases treated with any first  line tx courses (including artemisinin-based combination therapies (ACTs)),numeric,AMR,Americas,Country,NIC,Nicaragua,Year,2021,true,,,,,,,,,,,,,8653,,,,,,8653,,,EN,2023-05-10T04:00:00.000Z
MALARIA_1STLINE_TREATED,Number of malaria cases treated with any first  line tx courses (including artemisinin-based combination therapies (ACTs)),numeric,AFR,Africa,Country,MOZ,Mozambique,Year,2021,true,,,,,,,,,,,,,9979416,,,,,,9 979 416,,,EN,2023-05-10T04:00:00.000Z
MALARIA_1STLINE_TREATED,Number of malaria cases treated with any first  line tx courses (including artemisinin-based combination therapies (ACTs)),numeric,AMR,Americas,Country,HTI,Haiti,Year,2021,true,,,,,,,,,,,,,9513,,,,,,9513,,,EN,2023-05-10T04:00:00.000Z
MALARIA_1STLINE_TREATED,Number of malaria cases treated with any first  line tx courses (including artemisinin-based combination therapies (ACTs)),numeric,AFR,Africa,Country,COM,Comoros,Year,2021,true,,,,,,,,,,,,,9609,,,,,,9609,,,EN,2023-05-10T04:00:00.000Z
MALARIA_1STLINE_TREATED,Number of malaria cases treated with any first  line tx courses (including artemisinin-based combination therapies (ACTs)),numeric,AMR,Americas,Country,BOL,Bolivia (Plurinational State of),Year,2021,true,,,,,,,,,,,,,9959,,,,,,9959,,,EN,2023-05-10T04:00:00.000Z
MALARIA_1STLINE_TREATED,Number of malaria cases treated with any first  line tx courses (including artemisinin-based combination therapies (ACTs)),numeric,EMR,Eastern Mediterranean,Country,IRN,Iran (Islamic Republic of),Year,2021,true,,,,,,,,,,,,,999,,,,,,999,,,EN,2023-05-10T04:00:00.000Z
MALARIA_1STLINE_TREATED,Number of malaria cases treated with any first  line tx courses (including artemisinin-based combination therapies (ACTs)),numeric,AMR,Americas,Country,BLZ,Belize,Year,2020,false,,,,,,,,,,,,,0,,,,,,0,,,EN,2023-05-10T04:00:00.000Z
MALARIA_1STLINE_TREATED,Number of malaria cases treated with any first  line tx courses (including artemisinin-based combination therapies (ACTs)),numeric,AFR,Africa,Country,RWA,Rwanda,Year,2020,false,,,,,,,,,,,,,1048450,,,,,,1 048 450,,,EN,2023-05-10T04:00:00.000Z
MALARIA_1STLINE_TREATED,Number of malaria cases treated with any first  line tx courses (including artemisinin-based combination therapies (ACTs)),numeric,AFR,Africa,Country,CMR,Cameroon,Year,2020,false,,,,,,,,,,,,,1433934,,,,,,1 433 934,,,EN,2023-05-10T04:00:00.000Z
MALARIA_1STLINE_TREATED,Number of malaria cases treated with any first  line tx courses (including artemisinin-based combination therapies (ACTs)),numeric,AFR,Africa,Country,ETH,Ethiopia,Year,2020,false,,,,,,,,,,,,,1458804,,,,,,1 458 804,,,EN,2023-05-10T04:00:00.000Z
MALARIA_1STLINE_TREATED,Number of malaria cases treated with any first  line tx courses (including artemisinin-based combination therapies (ACTs)),numeric,AFR,Africa,Country,MDG,Madagascar,Year,2020,false,,,,,,,,,,,,,1667856,,,,,,1 667 856,,,EN,2023-05-10T04:00:00.000Z
MALARIA_1STLINE_TREATED,Number of malaria cases treated with any first  line tx courses (including artemisinin-based combination therapies (ACTs)),numeric,AFR,Africa,Country,TGO,Togo,Year,2020,false,,,,,,,,,,,,,1729667,,,,,,1 729 667,,,EN,2023-05-10T04:00:00.000Z
MALARIA_1STLINE_TREATED,Number of malaria cases treated with any first  line tx courses (including artemisinin-based combination therapies (ACTs)),numeric,AFR,Africa,Country,TCD,Chad,Year,2020,false,,,,,,,,,,,,,1806225,,,,,,1 806 225,,,EN,2023-05-10T04:00:00.000Z
MALARIA_1STLINE_TREATED,Number of malaria cases treated with any first  line tx courses (including artemisinin-based combination therapies (ACTs)),numeric,AFR,Africa,Country,GIN,Guinea,Year,2020,false,,,,,,,,,,,,,1831203,,,,,,1 831 203,,,EN,2023-05-10T04:00:00.000Z
MALARIA_1STLINE_TREATED,Number of malaria cases treated with any first  line tx courses (including artemisinin-based combination therapies (ACTs)),numeric,AFR,Africa,Country,CAF,Central African Republic,Year,2020,false,,,,,,,,,,,,,1980804,,,,,,1 980 804,,,EN,2023-05-10T04:00:00.000Z
MALARIA_1STLINE_TREATED,Number of malaria cases treated with any first  line tx courses (including artemisinin-based combination therapies (ACTs)),numeric,AFR,Africa,Country,CPV,Cabo Verde,Year,2020,false,,,,,,,,,,,,,10,,,,,,10,,,EN,2023-05-10T04:00:00.000Z
MALARIA_1STLINE_TREATED,Number of malaria cases treated with any first  line tx courses (including artemisinin-based combination therapies (ACTs)),numeric,AFR,Africa,Country,BFA,Burkina Faso,Year,2020,false,,,,,,,,,,,,,10237424,,,,,,10 237 424,,,EN,2023-05-10T04:00:00.000Z
MALARIA_1STLINE_TREATED,Number of malaria cases treated with any first  line tx courses (including artemisinin-based combination therapies (ACTs)),numeric,EMR,Eastern Mediterranean,Country,AFG,Afghanistan,Year,2020,false,,,,,,,,,,,,,103466,,,,,,103 466,,,EN,2023-05-10T04:00:00.000Z
MALARIA_1STLINE_TREATED,Number of malaria cases treated with any first  line tx courses (including artemisinin-based combination therapies (ACTs)),numeric,AFR,Africa,Country,COG,Congo,Year,2020,false,,,,,,,,,,,,,103692,,,,,,103 692,,,EN,2023-05-10T04:00:00.000Z
MALARIA_1STLINE_TREATED,Number of malaria cases treated with any first  line tx courses (including artemisinin-based combination therapies (ACTs)),numeric,EMR,Eastern Mediterranean,Country,IRN,Iran (Islamic Republic of),Year,2020,false,,,,,,,,,,,,,1051,,,,,,1051,,,EN,2023-05-10T04:00:00.000Z
MALARIA_1STLINE_TREATED,Number of malaria cases treated with any first  line tx courses (including artemisinin-based combination therapies (ACTs)),numeric,AMR,Americas,Country,GTM,Guatemala,Year,2020,false,,,,,,,,,,,,,1058,,,,,,1058,,,EN,2023-05-10T04:00:00.000Z
MALARIA_1STLINE_TREATED,Number of malaria cases treated with any first  line tx courses (including artemisinin-based combination therapies (ACTs)),numeric,AFR,Africa,Country,MOZ,Mozambique,Year,2020,false,,,,,,,,,,,,,11132323,,,,,,11 132 323,,,EN,2023-05-10T04:00:00.000Z
MALARIA_1STLINE_TREATED,Number of malaria cases treated with any first  line tx courses (including artemisinin-based combination therapies (ACTs)),numeric,AMR,Americas,Country,BOL,Bolivia (Plurinational State of),Year,2020,false,,,,,,,,,,,,,12093,,,,,,12 093,,,EN,2023-05-10T04:00:00.000Z
MALARIA_1STLINE_TREATED,Number of malaria cases treated with any first  line tx courses (including artemisinin-based combination therapies (ACTs)),numeric,AFR,Africa,Country,NAM,Namibia,Year,2020,false,,,,,,,,,,,,,13636,,,,,,13 636,,,EN,2023-05-10T04:00:00.000Z
MALARIA_1STLINE_TREATED,Number of malaria cases treated with any first  line tx courses (including artemisinin-based combination therapies (ACTs)),numeric,SEAR,South-East Asia,Country,TLS,Timor-Leste,Year,2020,false,,,,,,,,,,,,,14,,,,,,14,,,EN,2023-05-10T04:00:00.000Z
MALARIA_1STLINE_TREATED,Number of malaria cases treated with any first  line tx courses (including artemisinin-based combination therapies (ACTs)),numeric,AMR,Americas,Country,CRI,Costa Rica,Year,2020,false,,,,,,,,,,,,,141,,,,,,141,,,EN,2023-05-10T04:00:00.000Z
MALARIA_1STLINE_TREATED,Number of malaria cases treated with any first  line tx courses (including artemisinin-based combination therapies (ACTs)),numeric,SEAR,South-East Asia,Country,MMR,Myanmar,Year,2020,false,,,,,,,,,,,,,15572,,,,,,15 572,,,EN,2023-05-10T04:00:00.000Z
MALARIA_1STLINE_TREATED,Number of malaria cases treated with any first  line tx courses (including artemisinin-based combination therapies (ACTs)),numeric,AFR,Africa,Country,GNB,Guinea-Bissau,Year,2020,false,,,,,,,,,,,,,152900,,,,,,152 900,,,EN,2023-05-10T04:00:00.000Z
MALARIA_1STLINE_TREATED,Number of malaria cases treated with any first  line tx courses (including artemisinin-based combination therapies (ACTs)),numeric,AMR,Americas,Country,PAN,Panama,Year,2020,false,,,,,,,,,,,,,1582,,,,,,1582,,,EN,2023-05-10T04:00:00.000Z
MALARIA_1STLINE_TREATED,Number of malaria cases treated with any first  line tx courses (including artemisinin-based combination therapies (ACTs)),numeric,AMR,Americas,Country,BRA,Brazil,Year,2020,false,,,,,,,,,,,,,172047,,,,,,172 047,,,EN,2023-05-10T04:00:00.000Z
MALARIA_1STLINE_TREATED,Number of malaria cases treated with any first  line tx courses (including artemisinin-based combination therapies (ACTs)),numeric,WPR,Western Pacific,Country,VNM,Viet Nam,Year,2020,false,,,,,,,,,,,,,1733,,,,,,1733,,,EN,2023-05-10T04:00:00.000Z
MALARIA_1STLINE_TREATED,Number of malaria cases treated with any first  line tx courses (including artemisinin-based combination therapies (ACTs)),numeric,AFR,Africa,Country,STP,Sao Tome and Principe,Year,2020,false,,,,,,,,,,,,,1772,,,,,,1772,,,EN,2023-05-10T04:00:00.000Z
MALARIA_1STLINE_TREATED,Number of malaria cases treated with any first  line tx courses (including artemisinin-based combination therapies (ACTs)),numeric,SEAR,South-East Asia,Country,PRK,Democratic People's Republic of Korea,Year,2020,false,,,,,,,,,,,,,1819,,,,,,1819,,,EN,2023-05-10T04:00:00.000Z
MALARIA_1STLINE_TREATED,Number of malaria cases treated with any first  line tx courses (including artemisinin-based combination therapies (ACTs)),numeric,SEAR,South-East Asia,Country,IND,India,Year,2020,false,,,,,,,,,,,,,186532,,,,,,186 532,,,EN,2023-05-10T04:00:00.000Z
MALARIA_1STLINE_TREATED,Number of malaria cases treated with any first  line tx courses (including artemisinin-based combination therapies (ACTs)),numeric,AFR,Africa,Country,COD,Democratic Republic of the Congo,Year,2020,false,,,,,,,,,,,,,19192708,,,,,,19 192 708,,,EN,2023-05-10T04:00:00.000Z
MALARIA_1STLINE_TREATED,Number of malaria cases treated with any first  line tx courses (including artemisinin-based combination therapies (ACTs)),numeric,AFR,Africa,Country,NGA,Nigeria,Year,2020,false,,,,,,,,,,,,,19902369,,,,,,19 902 369,,,EN,2023-05-10T04:00:00.000Z
MALARIA_1STLINE_TREATED,Number of malaria cases treated with any first  line tx courses (including artemisinin-based combination therapies (ACTs)),numeric,AFR,Africa,Country,BEN,Benin,Year,2020,false,,,,,,,,,,,,,2095303,,,,,,2 095 303,,,EN,2023-05-10T04:00:00.000Z
MALARIA_1STLINE_TREATED,Number of malaria cases treated with any first  line tx courses (including artemisinin-based combination therapies (ACTs)),numeric,AFR,Africa,Country,MLI,Mali,Year,2020,false,,,,,,,,,,,,,2629557,,,,,,2 629 557,,,EN,2023-05-10T04:00:00.000Z
MALARIA_1STLINE_TREATED,Number of malaria cases treated with any first  line tx courses (including artemisinin-based combination therapies (ACTs)),numeric,AFR,Africa,Country,ZAF,South Africa,Year,2020,false,,,,,,,,,,,,,20190,,,,,,20 190,,,EN,2023-05-10T04:00:00.000Z
MALARIA_1STLINE_TREATED,Number of malaria cases treated with any first  line tx courses (including artemisinin-based combination therapies (ACTs)),numeric,AMR,Americas,Country,ECU,Ecuador,Year,2020,false,,,,,,,,,,,,,2001,,,,,,2001,,,EN,2023-05-10T04:00:00.000Z
MALARIA_1STLINE_TREATED,Number of malaria cases treated with any first  line tx courses (including artemisinin-based combination therapies (ACTs)),numeric,AMR,Americas,Country,HTI,Haiti,Year,2020,false,,,,,,,,,,,,,21856,,,,,,21 856,,,EN,2023-05-10T04:00:00.000Z
MALARIA_1STLINE_TREATED,Number of malaria cases treated with any first  line tx courses (including artemisinin-based combination therapies (ACTs)),numeric,EMR,Eastern Mediterranean,Country,SOM,Somalia,Year,2020,true,,,,,,,,,,,,,23978,,,,,,23 978,,,EN,2023-05-10T04:00:00.000Z
MALARIA_1STLINE_TREATED,Number of malaria cases treated with any first  line tx courses (including artemisinin-based combination therapies (ACTs)),numeric,AMR,Americas,Country,VEN,Venezuela (Bolivarian Republic of),Year,2020,false,,,,,,,,,,,,,231384,,,,,,231 384,,,EN,2023-05-10T04:00:00.000Z
MALARIA_1STLINE_TREATED,Number of malaria cases treated with any first  line tx courses (including artemisinin-based combination therapies (ACTs)),numeric,AMR,Americas,Country,SUR,Suriname,Year,2020,false,,,,,,,,,,,,,236,,,,,,236,,,EN,2023-05-10T04:00:00.000Z
MALARIA_1STLINE_TREATED,Number of malaria cases treated with any first  line tx courses (including artemisinin-based combination therapies (ACTs)),numeric,SEAR,South-East Asia,Country,IDN,Indonesia,Year,2020,false,,,,,,,,,,,,,241181,,,,,,241 181,,,EN,2023-05-10T04:00:00.000Z
MALARIA_1STLINE_TREATED,Number of malaria cases treated with any first  line tx courses (including artemisinin-based combination therapies (ACTs)),numeric,AMR,Americas,Country,NIC,Nicaragua,Year,2020,false,,,,,,,,,,,,,25530,,,,,,25 530,,,EN,2023-05-10T04:00:00.000Z
MALARIA_1STLINE_TREATED,Number of malaria cases treated with any first  line tx courses (including artemisinin-based combination therapies (ACTs)),numeric,WPR,Western Pacific,Country,MYS,Malaysia,Year,2020,false,,,,,,,,,,,,,2830,,,,,,2830,,,EN,2023-05-10T04:00:00.000Z
MALARIA_1STLINE_TREATED,Number of malaria cases treated with any first  line tx courses (including artemisinin-based combination therapies (ACTs)),numeric,AFR,Africa,Country,NER,Niger,Year,2020,false,,,,,,,,,,,,,3350428,,,,,,3 350 428,,,EN,2023-05-10T04:00:00.000Z
MALARIA_1STLINE_TREATED,Number of malaria cases treated with any first  line tx courses (including artemisinin-based combination therapies (ACTs)),numeric,AFR,Africa,Country,GAB,Gabon,Year,2020,false,,,,,,,,,,,,,30819,,,,,,30 819,,,EN,2023-05-10T04:00:00.000Z
MALARIA_1STLINE_TREATED,Number of malaria cases treated with any first  line tx courses (including artemisinin-based combination therapies (ACTs)),numeric,AFR,Africa,Country,UGA,Uganda,Year,2020,false,,,,,,,,,,,,,30962280,,,,,,30 962 280,,,EN,2023-05-10T04:00:00.000Z
MALARIA_1STLINE_TREATED,Number of malaria cases treated with any first  line tx courses (including artemisinin-based combination therapies (ACTs)),numeric,AFR,Africa,Country,SWZ,Eswatini,Year,2020,false,,,,,,,,,,,,,316,,,,,,316,,,EN,2023-05-10T04:00:00.000Z
MALARIA_1STLINE_TREATED,Number of malaria cases treated with any first  line tx courses (including artemisinin-based combination therapies (ACTs)),numeric,AMR,Americas,Country,GUY,Guyana,Year,2020,false,,,,,,,,,,,,,32958,,,,,,32 958,,,EN,2023-05-10T04:00:00.000Z
MALARIA_1STLINE_TREATED,Number of malaria cases treated with any first  line tx courses (including artemisinin-based combination therapies (ACTs)),numeric,EMR,Eastern Mediterranean,Country,SAU,Saudi Arabia,Year,2020,false,,,,,,,,,,,,,3265,,,,,,3265,,,EN,2023-05-10T04:00:00.000Z
MALARIA_1STLINE_TREATED,Number of malaria cases treated with any first  line tx courses (including artemisinin-based combination therapies (ACTs)),numeric,SEAR,South-East Asia,Country,THA,Thailand,Year,2020,false,,,,,,,,,,,,,3341,,,,,,3341,,,EN,2023-05-10T04:00:00.000Z
MALARIA_1STLINE_TREATED,Number of malaria cases treated with any first  line tx courses (including artemisinin-based combination therapies (ACTs)),numeric,AMR,Americas,Country,PER,Peru,Year,2020,false,,,,,,,,,,,,,34721,,,,,,34 721,,,EN,2023-05-10T04:00:00.000Z
MALARIA_1STLINE_TREATED,Number of malaria cases treated with any first  line tx courses (including artemisinin-based combination therapies (ACTs)),numeric,EMR,Eastern Mediterranean,Country,PAK,Pakistan,Year,2020,false,,,,,,,,,,,,,347500,,,,,,347 500,,,EN,2023-05-10T04:00:00.000Z
MALARIA_1STLINE_TREATED,Number of malaria cases treated with any first  line tx courses (including artemisinin-based combination therapies (ACTs)),numeric,WPR,Western Pacific,Country,LAO,Lao People's Democratic Republic,Year,2020,false,,,,,,,,,,,,,3498,,,,,,3498,,,EN,2023-05-10T04:00:00.000Z
MALARIA_1STLINE_TREATED,Number of malaria cases treated with any first  line tx courses (including artemisinin-based combination therapies (ACTs)),numeric,AMR,Americas,Country,MEX,Mexico,Year,2020,false,,,,,,,,,,,,,369,,,,,,369,,,EN,2023-05-10T04:00:00.000Z
MALARIA_1STLINE_TREATED,Number of malaria cases treated with any first  line tx courses (including artemisinin-based combination therapies (ACTs)),numeric,WPR,Western Pacific,Country,KOR,Republic of Korea,Year,2020,false,,,,,,,,,,,,,385,,,,,,385,,,EN,2023-05-10T04:00:00.000Z
MALARIA_1STLINE_TREATED,Number of malaria cases treated with any first  line tx courses (including artemisinin-based combination therapies (ACTs)),numeric,AMR,Americas,Country,COL,Colombia,Year,2020,false,,,,,,,,,,,,,39879,,,,,,39 879,,,EN,2023-05-10T04:00:00.000Z
MALARIA_1STLINE_TREATED,Number of malaria cases treated with any first  line tx courses (including artemisinin-based combination therapies (ACTs)),numeric,AFR,Africa,Country,BDI,Burundi,Year,2020,false,,,,,,,,,,,,,4289288,,,,,,4 289 288,,,EN,2023-05-10T04:00:00.000Z
MALARIA_1STLINE_TREATED,Number of malaria cases treated with any first  line tx courses (including artemisinin-based combination therapies (ACTs)),numeric,AFR,Africa,Country,CIV,Côte d’Ivoire,Year,2020,false,,,,,,,,,,,,,4469333,,,,,,4 469 333,,,EN,2023-05-10T04:00:00.000Z
MALARIA_1STLINE_TREATED,Number of malaria cases treated with any first  line tx courses (including artemisinin-based combination therapies (ACTs)),numeric,EMR,Eastern Mediterranean,Country,SDN,Sudan,Year,2020,false,,,,,,,,,,,,,4863826,,,,,,4 863 826,,,EN,2023-05-10T04:00:00.000Z
MALARIA_1STLINE_TREATED,Number of malaria cases treated with any first  line tx courses (including artemisinin-based combination therapies (ACTs)),numeric,AMR,Americas,Country,PRY,Paraguay,Year,2020,false,,,,,,,,,,,,,406,,,,,,406,,,EN,2023-05-10T04:00:00.000Z
MALARIA_1STLINE_TREATED,Number of malaria cases treated with any first  line tx courses (including artemisinin-based combination therapies (ACTs)),numeric,SEAR,South-East Asia,Country,NPL,Nepal,Year,2020,false,,,,,,,,,,,,,430,,,,,,430,,,EN,2023-05-10T04:00:00.000Z
MALARIA_1STLINE_TREATED,Number of malaria cases treated with any first  line tx courses (including artemisinin-based combination therapies (ACTs)),numeric,AFR,Africa,Country,ZWE,Zimbabwe,Year,2020,false,,,,,,,,,,,,,443164,,,,,,443 164,,,EN,2023-05-10T04:00:00.000Z
MALARIA_1STLINE_TREATED,Number of malaria cases treated with any first  line tx courses (including artemisinin-based combination therapies (ACTs)),numeric,AFR,Africa,Country,SEN,Senegal,Year,2020,false,,,,,,,,,,,,,445313,,,,,,445 313,,,EN,2023-05-10T04:00:00.000Z
MALARIA_1STLINE_TREATED,Number of malaria cases treated with any first  line tx courses (including artemisinin-based combination therapies (ACTs)),numeric,AFR,Africa,Country,COM,Comoros,Year,2020,false,,,,,,,,,,,,,4546,,,,,,4546,,,EN,2023-05-10T04:00:00.000Z
MALARIA_1STLINE_TREATED,Number of malaria cases treated with any first  line tx courses (including artemisinin-based combination therapies (ACTs)),numeric,WPR,Western Pacific,Country,VUT,Vanuatu,Year,2020,false,,,,,,,,,,,,,496,,,,,,496,,,EN,2023-05-10T04:00:00.000Z
MALARIA_1STLINE_TREATED,Number of malaria cases treated with any first  line tx courses (including artemisinin-based combination therapies (ACTs)),numeric,AFR,Africa,Country,GHA,Ghana,Year,2020,false,,,,,,,,,,,,,5174075,,,,,,5 174 075,,,EN,2023-05-10T04:00:00.000Z
MALARIA_1STLINE_TREATED,Number of malaria cases treated with any first  line tx courses (including artemisinin-based combination therapies (ACTs)),numeric,AFR,Africa,Country,AGO,Angola,Year,2020,false,,,,,,,,,,,,,5797209,,,,,,5 797 209,,,EN,2023-05-10T04:00:00.000Z
MALARIA_1STLINE_TREATED,Number of malaria cases treated with any first  line tx courses (including artemisinin-based combination therapies (ACTs)),numeric,AFR,Africa,Country,KEN,Kenya,Year,2020,false,,,,,,,,,,,,,5899605,,,,,,5 899 605,,,EN,2023-05-10T04:00:00.000Z
MALARIA_1STLINE_TREATED,Number of malaria cases treated with any first  line tx courses (including artemisinin-based combination therapies (ACTs)),numeric,SEAR,South-East Asia,Country,BTN,Bhutan,Year,2020,false,,,,,,,,,,,,,54,,,,,,54,,,EN,2023-05-10T04:00:00.000Z
MALARIA_1STLINE_TREATED,Number of malaria cases treated with any first  line tx courses (including artemisinin-based combination therapies (ACTs)),numeric,WPR,Western Pacific,Country,PHL,Philippines,Year,2020,false,,,,,,,,,,,,,5987,,,,,,5987,,,EN,2023-05-10T04:00:00.000Z
MALARIA_1STLINE_TREATED,Number of malaria cases treated with any first  line tx courses (including artemisinin-based combination therapies (ACTs)),numeric,SEAR,South-East Asia,Country,BGD,Bangladesh,Year,2020,false,,,,,,,,,,,,,6130,,,,,,6130,,,EN,2023-05-10T04:00:00.000Z
MALARIA_1STLINE_TREATED,Number of malaria cases treated with any first  line tx courses (including artemisinin-based combination therapies (ACTs)),numeric,AFR,Africa,Country,LBR,Liberia,Year,2020,false,,,,,,,,,,,,,621695,,,,,,621 695,,,EN,2023-05-10T04:00:00.000Z
MALARIA_1STLINE_TREATED,Number of malaria cases treated with any first  line tx courses (including artemisinin-based combination therapies (ACTs)),numeric,AFR,Africa,Country,SLE,Sierra Leone,Year,2020,false,,,,,,,,,,,,,658948,,,,,,658 948,,,EN,2023-05-10T04:00:00.000Z
MALARIA_1STLINE_TREATED,Number of malaria cases treated with any first  line tx courses (including artemisinin-based combination therapies (ACTs)),numeric,EMR,Eastern Mediterranean,Country,DJI,Djibouti,Year,2020,false,,,,,,,,,,,,,69029,,,,,,69 029,,,EN,2023-05-10T04:00:00.000Z
MALARIA_1STLINE_TREATED,Number of malaria cases treated with any first  line tx courses (including artemisinin-based combination therapies (ACTs)),numeric,AFR,Africa,Country,MWI,Malawi,Year,2020,false,,,,,,,,,,,,,7095977,,,,,,7 095 977,,,EN,2023-05-10T04:00:00.000Z
MALARIA_1STLINE_TREATED,Number of malaria cases treated with any first  line tx courses (including artemisinin-based combination therapies (ACTs)),numeric,AFR,Africa,Country,ZMB,Zambia,Year,2020,false,,,,,,,,,,,,,7473255,,,,,,7 473 255,,,EN,2023-05-10T04:00:00.000Z
MALARIA_1STLINE_TREATED,Number of malaria cases treated with any first  line tx courses (including artemisinin-based combination therapies (ACTs)),numeric,AFR,Africa,Country,TZA,United Republic of Tanzania,Year,2020,false,,,,,,,,,,,,,7759228,,,,,,7 759 228,,,EN,2023-05-10T04:00:00.000Z
MALARIA_1STLINE_TREATED,Number of malaria cases treated with any first  line tx courses (including artemisinin-based combination therapies (ACTs)),numeric,AFR,Africa,Country,GMB,Gambia,Year,2020,false,,,,,,,,,,,,,72300,,,,,,72 300,,,EN,2023-05-10T04:00:00.000Z
MALARIA_1STLINE_TREATED,Number of malaria cases treated with any first  line tx courses (including artemisinin-based combination therapies (ACTs)),numeric,AFR,Africa,Country,ERI,Eritrea,Year,2020,false,,,,,,,,,,,,,73419,,,,,,73 419,,,EN,2023-05-10T04:00:00.000Z
MALARIA_1STLINE_TREATED,Number of malaria cases treated with any first  line tx courses (including artemisinin-based combination therapies (ACTs)),numeric,WPR,Western Pacific,Country,PNG,Papua New Guinea,Year,2020,false,,,,,,,,,,,,,750439,,,,,,750 439,,,EN,2023-05-10T04:00:00.000Z
MALARIA_1STLINE_TREATED,Number of malaria cases treated with any first  line tx courses (including artemisinin-based combination therapies (ACTs)),numeric,AFR,Africa,Country,MRT,Mauritania,Year,2020,false,,,,,,,,,,,,,760,,,,,,760,,,EN,2023-05-10T04:00:00.000Z
MALARIA_1STLINE_TREATED,Number of malaria cases treated with any first  line tx courses (including artemisinin-based combination therapies (ACTs)),numeric,AFR,Africa,Country,SSD,South Sudan,Year,2020,false,,,,,,,,,,,,,822563,,,,,,822 563,,,EN,2023-05-10T04:00:00.000Z
MALARIA_1STLINE_TREATED,Number of malaria cases treated with any first  line tx courses (including artemisinin-based combination therapies (ACTs)),numeric,AMR,Americas,Country,DOM,Dominican Republic,Year,2020,false,,,,,,,,,,,,,829,,,,,,829,,,EN,2023-05-10T04:00:00.000Z
MALARIA_1STLINE_TREATED,Number of malaria cases treated with any first  line tx courses (including artemisinin-based combination therapies (ACTs)),numeric,WPR,Western Pacific,Country,SLB,Solomon Islands,Year,2020,false,,,,,,,,,,,,,87477,,,,,,87 477,,,EN,2023-05-10T04:00:00.000Z
MALARIA_1STLINE_TREATED,Number of malaria cases treated with any first  line tx courses (including artemisinin-based combination therapies (ACTs)),numeric,WPR,Western Pacific,Country,KHM,Cambodia,Year,2020,false,,,,,,,,,,,,,9176,,,,,,9176,,,EN,2023-05-10T04:00:00.000Z
MALARIA_1STLINE_TREATED,Number of malaria cases treated with any first  line tx courses (including artemisinin-based combination therapies (ACTs)),numeric,AFR,Africa,Country,BWA,Botswana,Year,2020,true,,,,,,,,,,,,,953,,,,,,953,,,EN,2023-05-10T04:00:00.000Z
MALARIA_1STLINE_TREATED,Number of malaria cases treated with any first  line tx courses (including artemisinin-based combination therapies (ACTs)),numeric,AFR,Africa,Country,LBR,Liberia,Year,2019,false,,,,,,,,,,,,,1004895,,,,,,1 004 895,,,EN,2023-05-10T04:00:00.000Z
MALARIA_1STLINE_TREATED,Number of malaria cases treated with any first  line tx courses (including artemisinin-based combination therapies (ACTs)),numeric,AFR,Africa,Country,MDG,Madagascar,Year,2019,false,,,,,,,,,,,,,1008480,,,,,,1 008 480,,,EN,2023-05-10T04:00:00.000Z
MALARIA_1STLINE_TREATED,Number of malaria cases treated with any first  line tx courses (including artemisinin-based combination therapies (ACTs)),numeric,AFR,Africa,Country,ETH,Ethiopia,Year,2019,false,,,,,,,,,,,,,1015792,,,,,,1 015 792,,,EN,2023-05-10T04:00:00.000Z
MALARIA_1STLINE_TREATED,Number of malaria cases treated with any first  line tx courses (including artemisinin-based combination therapies (ACTs)),numeric,AFR,Africa,Country,GIN,Guinea,Year,2019,false,,,,,,,,,,,,,1646493,,,,,,1 646 493,,,EN,2023-05-10T04:00:00.000Z
MALARIA_1STLINE_TREATED,Number of malaria cases treated with any first  line tx courses (including artemisinin-based combination therapies (ACTs)),numeric,AFR,Africa,Country,TCD,Chad,Year,2019,false,,,,,,,,,,,,,1665212,,,,,,1 665 212,,,EN,2023-05-10T04:00:00.000Z
MALARIA_1STLINE_TREATED,Number of malaria cases treated with any first  line tx courses (including artemisinin-based combination therapies (ACTs)),numeric,AFR,Africa,Country,CMR,Cameroon,Year,2019,false,,,,,,,,,,,,,1834114,,,,,,1 834 114,,,EN,2023-05-10T04:00:00.000Z
MALARIA_1STLINE_TREATED,Number of malaria cases treated with any first  line tx courses (including artemisinin-based combination therapies (ACTs)),numeric,AMR,Americas,Country,HTI,Haiti,Year,2019,false,,,,,,,,,,,,,10418,,,,,,10 418,,,EN,2023-05-10T04:00:00.000Z
MALARIA_1STLINE_TREATED,Number of malaria cases treated with any first  line tx courses (including artemisinin-based combination therapies (ACTs)),numeric,AFR,Africa,Country,MOZ,Mozambique,Year,2019,false,,,,,,,,,,,,,10742632,,,,,,10 742 632,,,EN,2023-05-10T04:00:00.000Z
MALARIA_1STLINE_TREATED,Number of malaria cases treated with any first  line tx courses (including artemisinin-based combination therapies (ACTs)),numeric,AFR,Africa,Country,BFA,Burkina Faso,Year,2019,false,,,,,,,,,,,,,11223002,,,,,,11 223 002,,,EN,2023-05-10T04:00:00.000Z
MALARIA_1STLINE_TREATED,Number of malaria cases treated with any first  line tx courses (including artemisinin-based combination therapies (ACTs)),numeric,AFR,Africa,Country,COM,Comoros,Year,2019,false,,,,,,,,,,,,,11593,,,,,,11 593,,,EN,2023-05-10T04:00:00.000Z
MALARIA_1STLINE_TREATED,Number of malaria cases treated with any first  line tx courses (including artemisinin-based combination therapies (ACTs)),numeric,AFR,Africa,Country,GAB,Gabon,Year,2019,false,,,,,,,,,,,,,117126,,,,,,117 126,,,EN,2023-05-10T04:00:00.000Z
MALARIA_1STLINE_TREATED,Number of malaria cases treated with any first  line tx courses (including artemisinin-based combination therapies (ACTs)),numeric,EMR,Eastern Mediterranean,Country,IRN,Iran (Islamic Republic of),Year,2019,false,,,,,,,,,,,,,1192,,,,,,1192,,,EN,2023-05-10T04:00:00.000Z
MALARIA_1STLINE_TREATED,Number of malaria cases treated with any first  line tx courses (including artemisinin-based combination therapies (ACTs)),numeric,AFR,Africa,Country,SSD,South Sudan,Year,2019,false,,,,,,,,,,,,,122665,,,,,,122 665,,,EN,2023-05-10T04:00:00.000Z
MALARIA_1STLINE_TREATED,Number of malaria cases treated with any first  line tx courses (including artemisinin-based combination therapies (ACTs)),numeric,AMR,Americas,Country,NIC,Nicaragua,Year,2019,false,,,,,,,,,,,,,13226,,,,,,13 226,,,EN,2023-05-10T04:00:00.000Z
MALARIA_1STLINE_TREATED,Number of malaria cases treated with any first  line tx courses (including artemisinin-based combination therapies (ACTs)),numeric,AFR,Africa,Country,ZAF,South Africa,Year,2019,false,,,,,,,,,,,,,13833,,,,,,13 833,,,EN,2023-05-10T04:00:00.000Z
MALARIA_1STLINE_TREATED,Number of malaria cases treated with any first  line tx courses (including artemisinin-based combination therapies (ACTs)),numeric,AMR,Americas,Country,DOM,Dominican Republic,Year,2019,false,,,,,,,,,,,,,1314,,,,,,1314,,,EN,2023-05-10T04:00:00.000Z
MALARIA_1STLINE_TREATED,Number of malaria cases treated with any first  line tx courses (including artemisinin-based combination therapies (ACTs)),numeric,AFR,Africa,Country,GNB,Guinea-Bissau,Year,2019,false,,,,,,,,,,,,,155848,,,,,,155 848,,,EN,2023-05-10T04:00:00.000Z
MALARIA_1STLINE_TREATED,Number of malaria cases treated with any first  line tx courses (including artemisinin-based combination therapies (ACTs)),numeric,EMR,Eastern Mediterranean,Country,AFG,Afghanistan,Year,2019,false,,,,,,,,,,,,,169504,,,,,,169 504,,,EN,2023-05-10T04:00:00.000Z
MALARIA_1STLINE_TREATED,Number of malaria cases treated with any first  line tx courses (including artemisinin-based combination therapies (ACTs)),numeric,SEAR,South-East Asia,Country,BGD,Bangladesh,Year,2019,false,,,,,,,,,,,,,17225,,,,,,17 225,,,EN,2023-05-10T04:00:00.000Z
MALARIA_1STLINE_TREATED,Number of malaria cases treated with any first  line tx courses (including artemisinin-based combination therapies (ACTs)),numeric,AFR,Africa,Country,COD,Democratic Republic of the Congo,Year,2019,false,,,,,,,,,,,,,18853210,,,,,,18 853 210,,,EN,2023-05-10T04:00:00.000Z
MALARIA_1STLINE_TREATED,Number of malaria cases treated with any first  line tx courses (including artemisinin-based combination therapies (ACTs)),numeric,SEAR,South-East Asia,Country,PRK,Democratic People's Republic of Korea,Year,2019,false,,,,,,,,,,,,,1869,,,,,,1869,,,EN,2023-05-10T04:00:00.000Z
MALARIA_1STLINE_TREATED,Number of malaria cases treated with any first  line tx courses (including artemisinin-based combination therapies (ACTs)),numeric,AFR,Africa,Country,ZMB,Zambia,Year,2019,false,,,,,,,,,,,,,19134471,,,,,,19 134 471,,,EN,2023-05-10T04:00:00.000Z
MALARIA_1STLINE_TREATED,Number of malaria cases treated with any first  line tx courses (including artemisinin-based combination therapies (ACTs)),numeric,AMR,Americas,Country,ECU,Ecuador,Year,2019,false,,,,,,,,,,,,,1909,,,,,,1909,,,EN,2023-05-10T04:00:00.000Z
MALARIA_1STLINE_TREATED,Number of malaria cases treated with any first  line tx courses (including artemisinin-based combination therapies (ACTs)),numeric,WPR,Western Pacific,Country,KOR,Republic of Korea,Year,2019,false,,,,,,,,,,,,,196,,,,,,196,,,EN,2023-05-10T04:00:00.000Z
MALARIA_1STLINE_TREATED,Number of malaria cases treated with any first  line tx courses (including artemisinin-based combination therapies (ACTs)),numeric,AMR,Americas,Country,BLZ,Belize,Year,2019,false,,,,,,,,,,,,,2,,,,,,2,,,EN,2023-05-10T04:00:00.000Z
MALARIA_1STLINE_TREATED,Number of malaria cases treated with any first  line tx courses (including artemisinin-based combination therapies (ACTs)),numeric,AMR,Americas,Country,GTM,Guatemala,Year,2019,false,,,,,,,,,,,,,2,,,,,,2,,,EN,2023-05-10T04:00:00.000Z
MALARIA_1STLINE_TREATED,Number of malaria cases treated with any first  line tx courses (including artemisinin-based combination therapies (ACTs)),numeric,AFR,Africa,Country,TGO,Togo,Year,2019,false,,,,,,,,,,,,,2284746,,,,,,2 284 746,,,EN,2023-05-10T04:00:00.000Z
MALARIA_1STLINE_TREATED,Number of malaria cases treated with any first  line tx courses (including artemisinin-based combination therapies (ACTs)),numeric,AFR,Africa,Country,BEN,Benin,Year,2019,false,,,,,,,,,,,,,2353657,,,,,,2 353 657,,,EN,2023-05-10T04:00:00.000Z
MALARIA_1STLINE_TREATED,Number of malaria cases treated with any first  line tx courses (including artemisinin-based combination therapies (ACTs)),numeric,AFR,Africa,Country,CAF,Central African Republic,Year,2019,false,,,,,,,,,,,,,2654215,,,,,,2 654 215,,,EN,2023-05-10T04:00:00.000Z
MALARIA_1STLINE_TREATED,Number of malaria cases treated with any first  line tx courses (including artemisinin-based combination therapies (ACTs)),numeric,AFR,Africa,Country,SLE,Sierra Leone,Year,2019,false,,,,,,,,,,,,,2813086,,,,,,2 813 086,,,EN,2023-05-10T04:00:00.000Z
MALARIA_1STLINE_TREATED,Number of malaria cases treated with any first  line tx courses (including artemisinin-based combination therapies (ACTs)),numeric,AFR,Africa,Country,MLI,Mali,Year,2019,false,,,,,,,,,,,,,2846438,,,,,,2 846 438,,,EN,2023-05-10T04:00:00.000Z
MALARIA_1STLINE_TREATED,Number of malaria cases treated with any first  line tx courses (including artemisinin-based combination therapies (ACTs)),numeric,AMR,Americas,Country,GUY,Guyana,Year,2019,false,,,,,,,,,,,,,20313,,,,,,20 313,,,EN,2023-05-10T04:00:00.000Z
MALARIA_1STLINE_TREATED,Number of malaria cases treated with any first  line tx courses (including artemisinin-based combination therapies (ACTs)),numeric,AMR,Americas,Country,SUR,Suriname,Year,2019,false,,,,,,,,,,,,,202,,,,,,202,,,EN,2023-05-10T04:00:00.000Z
MALARIA_1STLINE_TREATED,Number of malaria cases treated with any first  line tx courses (including artemisinin-based combination therapies (ACTs)),numeric,AFR,Africa,Country,NGA,Nigeria,Year,2019,false,,,,,,,,,,,,,21252650,,,,,,21 252 650,,,EN,2023-05-10T04:00:00.000Z
MALARIA_1STLINE_TREATED,Number of malaria cases treated with any first  line tx courses (including artemisinin-based combination therapies (ACTs)),numeric,EMR,Eastern Mediterranean,Country,SAU,Saudi Arabia,Year,2019,false,,,,,,,,,,,,,2152,,,,,,2152,,,EN,2023-05-10T04:00:00.000Z
MALARIA_1STLINE_TREATED,Number of malaria cases treated with any first  line tx courses (including artemisinin-based combination therapies (ACTs)),numeric,SEAR,South-East Asia,Country,IDN,Indonesia,Year,2019,false,,,,,,,,,,,,,234381,,,,,,234 381,,,EN,2023-05-10T04:00:00.000Z
MALARIA_1STLINE_TREATED,Number of malaria cases treated with any first  line tx courses (including artemisinin-based combination therapies (ACTs)),numeric,AFR,Africa,Country,STP,Sao Tome and Principe,Year,2019,false,,,,,,,,,,,,,2457,,,,,,2457,,,EN,2023-05-10T04:00:00.000Z
MALARIA_1STLINE_TREATED,Number of malaria cases treated with any first  line tx courses (including artemisinin-based combination therapies (ACTs)),numeric,AFR,Africa,Country,BWA,Botswana,Year,2019,false,,,,,,,,,,,,,272,,,,,,272,,,EN,2023-05-10T04:00:00.000Z
MALARIA_1STLINE_TREATED,Number of malaria cases treated with any first  line tx courses (including artemisinin-based combination therapies (ACTs)),numeric,AFR,Africa,Country,UGA,Uganda,Year,2019,false,,,,,,,,,,,,,28847873,,,,,,28 847 873,,,EN,2023-05-10T04:00:00.000Z
MALARIA_1STLINE_TREATED,Number of malaria cases treated with any first  line tx courses (including artemisinin-based combination therapies (ACTs)),numeric,AFR,Africa,Country,NER,Niger,Year,2019,false,,,,,,,,,,,,,3015081,,,,,,3 015 081,,,EN,2023-05-10T04:00:00.000Z
MALARIA_1STLINE_TREATED,Number of malaria cases treated with any first  line tx courses (including artemisinin-based combination therapies (ACTs)),numeric,AFR,Africa,Country,RWA,Rwanda,Year,2019,false,,,,,,,,,,,,,3566544,,,,,,3 566 544,,,EN,2023-05-10T04:00:00.000Z
MALARIA_1STLINE_TREATED,Number of malaria cases treated with any first  line tx courses (including artemisinin-based combination therapies (ACTs)),numeric,AFR,Africa,Country,ZWE,Zimbabwe,Year,2019,false,,,,,,,,,,,,,304309,,,,,,304 309,,,EN,2023-05-10T04:00:00.000Z
MALARIA_1STLINE_TREATED,Number of malaria cases treated with any first  line tx courses (including artemisinin-based combination therapies (ACTs)),numeric,WPR,Western Pacific,Country,KHM,Cambodia,Year,2019,false,,,,,,,,,,,,,31883,,,,,,31 883,,,EN,2023-05-10T04:00:00.000Z
MALARIA_1STLINE_TREATED,Number of malaria cases treated with any first  line tx courses (including artemisinin-based combination therapies (ACTs)),numeric,SEAR,South-East Asia,Country,IND,India,Year,2019,false,,,,,,,,,,,,,338494,,,,,,338 494,,,EN,2023-05-10T04:00:00.000Z
MALARIA_1STLINE_TREATED,Number of malaria cases treated with any first  line tx courses (including artemisinin-based combination therapies (ACTs)),numeric,AFR,Africa,Country,NAM,Namibia,Year,2019,false,,,,,,,,,,,,,3404,,,,,,3404,,,EN,2023-05-10T04:00:00.000Z
MALARIA_1STLINE_TREATED,Number of malaria cases treated with any first  line tx courses (including artemisinin-based combination therapies (ACTs)),numeric,AFR,Africa,Country,SEN,Senegal,Year,2019,false,,,,,,,,,,,,,354708,,,,,,354 708,,,EN,2023-05-10T04:00:00.000Z
MALARIA_1STLINE_TREATED,Number of malaria cases treated with any first  line tx courses (including artemisinin-based combination therapies (ACTs)),numeric,EMR,Eastern Mediterranean,Country,SOM,Somalia,Year,2019,false,,,,,,,,,,,,,38112,,,,,,38 112,,,EN,2023-05-10T04:00:00.000Z
MALARIA_1STLINE_TREATED,Number of malaria cases treated with any first  line tx courses (including artemisinin-based combination therapies (ACTs)),numeric,AMR,Americas,Country,COL,Colombia,Year,2019,false,,,,,,,,,,,,,39891,,,,,,39 891,,,EN,2023-05-10T04:00:00.000Z
MALARIA_1STLINE_TREATED,Number of malaria cases treated with any first  line tx courses (including artemisinin-based combination therapies (ACTs)),numeric,SEAR,South-East Asia,Country,THA,Thailand,Year,2019,false,,,,,,,,,,,,,3904,,,,,,3904,,,EN,2023-05-10T04:00:00.000Z
MALARIA_1STLINE_TREATED,Number of malaria cases treated with any first  line tx courses (including artemisinin-based combination therapies (ACTs)),numeric,WPR,Western Pacific,Country,MYS,Malaysia,Year,2019,false,,,,,,,,,,,,,3933,,,,,,3933,,,EN,2023-05-10T04:00:00.000Z
MALARIA_1STLINE_TREATED,Number of malaria cases treated with any first  line tx courses (including artemisinin-based combination therapies (ACTs)),numeric,AMR,Americas,Country,VEN,Venezuela (Bolivarian Republic of),Year,2019,false,,,,,,,,,,,,,398285,,,,,,398 285,,,EN,2023-05-10T04:00:00.000Z
MALARIA_1STLINE_TREATED,Number of malaria cases treated with any first  line tx courses (including artemisinin-based combination therapies (ACTs)),numeric,EMR,Eastern Mediterranean,Country,SDN,Sudan,Year,2019,false,,,,,,,,,,,,,4297167,,,,,,4 297 167,,,EN,2023-05-10T04:00:00.000Z
MALARIA_1STLINE_TREATED,Number of malaria cases treated with any first  line tx courses (including artemisinin-based combination therapies (ACTs)),numeric,AFR,Africa,Country,CPV,Cabo Verde,Year,2019,false,,,,,,,,,,,,,40,,,,,,40,,,EN,2023-05-10T04:00:00.000Z
MALARIA_1STLINE_TREATED,Number of malaria cases treated with any first  line tx courses (including artemisinin-based combination therapies (ACTs)),numeric,AMR,Americas,Country,PRY,Paraguay,Year,2019,false,,,,,,,,,,,,,406,,,,,,406,,,EN,2023-05-10T04:00:00.000Z
MALARIA_1STLINE_TREATED,Number of malaria cases treated with any first  line tx courses (including artemisinin-based combination therapies (ACTs)),numeric,EMR,Eastern Mediterranean,Country,PAK,Pakistan,Year,2019,false,,,,,,,,,,,,,413533,,,,,,413 533,,,EN,2023-05-10T04:00:00.000Z
MALARIA_1STLINE_TREATED,Number of malaria cases treated with any first  line tx courses (including artemisinin-based combination therapies (ACTs)),numeric,SEAR,South-East Asia,Country,BTN,Bhutan,Year,2019,false,,,,,,,,,,,,,42,,,,,,42,,,EN,2023-05-10T04:00:00.000Z
MALARIA_1STLINE_TREATED,Number of malaria cases treated with any first  line tx courses (including artemisinin-based combination therapies (ACTs)),numeric,AFR,Africa,Country,COG,Congo,Year,2019,false,,,,,,,,,,,,,427959,,,,,,427 959,,,EN,2023-05-10T04:00:00.000Z
MALARIA_1STLINE_TREATED,Number of malaria cases treated with any first  line tx courses (including artemisinin-based combination therapies (ACTs)),numeric,EMR,Eastern Mediterranean,Country,DJI,Djibouti,Year,2019,false,,,,,,,,,,,,,47691,,,,,,47 691,,,EN,2023-05-10T04:00:00.000Z
MALARIA_1STLINE_TREATED,Number of malaria cases treated with any first  line tx courses (including artemisinin-based combination therapies (ACTs)),numeric,AMR,Americas,Country,BRA,Brazil,Year,2019,false,,,,,,,,,,,,,491126,,,,,,491 126,,,EN,2023-05-10T04:00:00.000Z
MALARIA_1STLINE_TREATED,Number of malaria cases treated with any first  line tx courses (including artemisinin-based combination therapies (ACTs)),numeric,AFR,Africa,Country,MWI,Malawi,Year,2019,false,,,,,,,,,,,,,5089716,,,,,,5 089 716,,,EN,2023-05-10T04:00:00.000Z
MALARIA_1STLINE_TREATED,Number of malaria cases treated with any first  line tx courses (including artemisinin-based combination therapies (ACTs)),numeric,AFR,Africa,Country,CIV,Côte d’Ivoire,Year,2019,false,,,,,,,,,,,,,5200350,,,,,,5 200 350,,,EN,2023-05-10T04:00:00.000Z
MALARIA_1STLINE_TREATED,Number of malaria cases treated with any first  line tx courses (including artemisinin-based combination therapies (ACTs)),numeric,AFR,Africa,Country,KEN,Kenya,Year,2019,false,,,,,,,,,,,,,5259988,,,,,,5 259 988,,,EN,2023-05-10T04:00:00.000Z
MALARIA_1STLINE_TREATED,Number of malaria cases treated with any first  line tx courses (including artemisinin-based combination therapies (ACTs)),numeric,AFR,Africa,Country,AGO,Angola,Year,2019,false,,,,,,,,,,,,,5575259,,,,,,5 575 259,,,EN,2023-05-10T04:00:00.000Z
MALARIA_1STLINE_TREATED,Number of malaria cases treated with any first  line tx courses (including artemisinin-based combination therapies (ACTs)),numeric,AMR,Americas,Country,PER,Peru,Year,2019,false,,,,,,,,,,,,,51289,,,,,,51 289,,,EN,2023-05-10T04:00:00.000Z
MALARIA_1STLINE_TREATED,Number of malaria cases treated with any first  line tx courses (including artemisinin-based combination therapies (ACTs)),numeric,SEAR,South-East Asia,Country,MMR,Myanmar,Year,2019,false,,,,,,,,,,,,,53003,,,,,,53 003,,,EN,2023-05-10T04:00:00.000Z
MALARIA_1STLINE_TREATED,Number of malaria cases treated with any first  line tx courses (including artemisinin-based combination therapies (ACTs)),numeric,AFR,Africa,Country,GMB,Gambia,Year,2019,false,,,,,,,,,,,,,53386,,,,,,53 386,,,EN,2023-05-10T04:00:00.000Z
MALARIA_1STLINE_TREATED,Number of malaria cases treated with any first  line tx courses (including artemisinin-based combination therapies (ACTs)),numeric,WPR,Western Pacific,Country,PHL,Philippines,Year,2019,false,,,,,,,,,,,,,5435,,,,,,5435,,,EN,2023-05-10T04:00:00.000Z
MALARIA_1STLINE_TREATED,Number of malaria cases treated with any first  line tx courses (including artemisinin-based combination therapies (ACTs)),numeric,WPR,Western Pacific,Country,VUT,Vanuatu,Year,2019,false,,,,,,,,,,,,,571,,,,,,571,,,EN,2023-05-10T04:00:00.000Z
MALARIA_1STLINE_TREATED,Number of malaria cases treated with any first  line tx courses (including artemisinin-based combination therapies (ACTs)),numeric,AFR,Africa,Country,SWZ,Eswatini,Year,2019,false,,,,,,,,,,,,,586,,,,,,586,,,EN,2023-05-10T04:00:00.000Z
MALARIA_1STLINE_TREATED,Number of malaria cases treated with any first  line tx courses (including artemisinin-based combination therapies (ACTs)),numeric,WPR,Western Pacific,Country,VNM,Viet Nam,Year,2019,false,,,,,,,,,,,,,5892,,,,,,5892,,,EN,2023-05-10T04:00:00.000Z
MALARIA_1STLINE_TREATED,Number of malaria cases treated with any first  line tx courses (including artemisinin-based combination therapies (ACTs)),numeric,AFR,Africa,Country,GHA,Ghana,Year,2019,false,,,,,,,,,,,,,6164160,,,,,,6 164 160,,,EN,2023-05-10T04:00:00.000Z
MALARIA_1STLINE_TREATED,Number of malaria cases treated with any first  line tx courses (including artemisinin-based combination therapies (ACTs)),numeric,AFR,Africa,Country,TZA,United Republic of Tanzania,Year,2019,false,,,,,,,,,,,,,6385075,,,,,,6 385 075,,,EN,2023-05-10T04:00:00.000Z
MALARIA_1STLINE_TREATED,Number of malaria cases treated with any first  line tx courses (including artemisinin-based combination therapies (ACTs)),numeric,AMR,Americas,Country,MEX,Mexico,Year,2019,false,,,,,,,,,,,,,641,,,,,,641,,,EN,2023-05-10T04:00:00.000Z
MALARIA_1STLINE_TREATED,Number of malaria cases treated with any first  line tx courses (including artemisinin-based combination therapies (ACTs)),numeric,AFR,Africa,Country,ERI,Eritrea,Year,2019,false,,,,,,,,,,,,,65697,,,,,,65 697,,,EN,2023-05-10T04:00:00.000Z
MALARIA_1STLINE_TREATED,Number of malaria cases treated with any first  line tx courses (including artemisinin-based combination therapies (ACTs)),numeric,WPR,Western Pacific,Country,LAO,Lao People's Democratic Republic,Year,2019,false,,,,,,,,,,,,,6551,,,,,,6551,,,EN,2023-05-10T04:00:00.000Z
MALARIA_1STLINE_TREATED,Number of malaria cases treated with any first  line tx courses (including artemisinin-based combination therapies (ACTs)),numeric,SEAR,South-East Asia,Country,NPL,Nepal,Year,2019,false,,,,,,,,,,,,,710,,,,,,710,,,EN,2023-05-10T04:00:00.000Z
MALARIA_1STLINE_TREATED,Number of malaria cases treated with any first  line tx courses (including artemisinin-based combination therapies (ACTs)),numeric,WPR,Western Pacific,Country,PNG,Papua New Guinea,Year,2019,false,,,,,,,,,,,,,788796,,,,,,788 796,,,EN,2023-05-10T04:00:00.000Z
MALARIA_1STLINE_TREATED,Number of malaria cases treated with any first  line tx courses (including artemisinin-based combination therapies (ACTs)),numeric,AFR,Africa,Country,BDI,Burundi,Year,2019,false,,,,,,,,,,,,,8444710,,,,,,8 444 710,,,EN,2023-05-10T04:00:00.000Z
MALARIA_1STLINE_TREATED,Number of malaria cases treated with any first  line tx courses (including artemisinin-based combination therapies (ACTs)),numeric,WPR,Western Pacific,Country,SLB,Solomon Islands,Year,2019,false,,,,,,,,,,,,,83733,,,,,,83 733,,,EN,2023-05-10T04:00:00.000Z
MALARIA_1STLINE_TREATED,Number of malaria cases treated with any first  line tx courses (including artemisinin-based combination therapies (ACTs)),numeric,SEAR,South-East Asia,Country,TLS,Timor-Leste,Year,2019,false,,,,,,,,,,,,,9,,,,,,9,,,EN,2023-05-10T04:00:00.000Z
MALARIA_1STLINE_TREATED,Number of malaria cases treated with any first  line tx courses (including artemisinin-based combination therapies (ACTs)),numeric,AMR,Americas,Country,BOL,Bolivia (Plurinational State of),Year,2019,false,,,,,,,,,,,,,9357,,,,,,9357,,,EN,2023-05-10T04:00:00.000Z
MALARIA_1STLINE_TREATED,Number of malaria cases treated with any first  line tx courses (including artemisinin-based combination therapies (ACTs)),numeric,AFR,Africa,Country,CPV,Cabo Verde,Year,2018,false,,,,,,,,,,,,,0,,,,,,0,,,EN,2023-05-10T04:00:00.000Z
MALARIA_1STLINE_TREATED,Number of malaria cases treated with any first  line tx courses (including artemisinin-based combination therapies (ACTs)),numeric,AMR,Americas,Country,MEX,Mexico,Year,2018,false,,,,,,,,,,,,,0,,,,,,0,,,EN,2023-05-10T04:00:00.000Z
MALARIA_1STLINE_TREATED,Number of malaria cases treated with any first  line tx courses (including artemisinin-based combination therapies (ACTs)),numeric,AFR,Africa,Country,LBR,Liberia,Year,2018,false,,,,,,,,,,,,,1113579,,,,,,1 113 579,,,EN,2023-05-10T04:00:00.000Z
MALARIA_1STLINE_TREATED,Number of malaria cases treated with any first  line tx courses (including artemisinin-based combination therapies (ACTs)),numeric,AFR,Africa,Country,CAF,Central African Republic,Year,2018,false,,,,,,,,,,,,,1145929,,,,,,1 145 929,,,EN,2023-05-10T04:00:00.000Z
MALARIA_1STLINE_TREATED,Number of malaria cases treated with any first  line tx courses (including artemisinin-based combination therapies (ACTs)),numeric,AFR,Africa,Country,TCD,Chad,Year,2018,false,,,,,,,,,,,,,1285356,,,,,,1 285 356,,,EN,2023-05-10T04:00:00.000Z
MALARIA_1STLINE_TREATED,Number of malaria cases treated with any first  line tx courses (including artemisinin-based combination therapies (ACTs)),numeric,AFR,Africa,Country,GIN,Guinea,Year,2018,false,,,,,,,,,,,,,1546406,,,,,,1 546 406,,,EN,2023-05-10T04:00:00.000Z
MALARIA_1STLINE_TREATED,Number of malaria cases treated with any first  line tx courses (including artemisinin-based combination therapies (ACTs)),numeric,AFR,Africa,Country,TGO,Togo,Year,2018,false,,,,,,,,,,,,,1572717,,,,,,1 572 717,,,EN,2023-05-10T04:00:00.000Z
MALARIA_1STLINE_TREATED,Number of malaria cases treated with any first  line tx courses (including artemisinin-based combination therapies (ACTs)),numeric,AFR,Africa,Country,MLI,Mali,Year,2018,false,,,,,,,,,,,,,1814505,,,,,,1 814 505,,,EN,2023-05-10T04:00:00.000Z
MALARIA_1STLINE_TREATED,Number of malaria cases treated with any first  line tx courses (including artemisinin-based combination therapies (ACTs)),numeric,AFR,Africa,Country,MOZ,Mozambique,Year,2018,false,,,,,,,,,,,,,10064430,,,,,,10 064 430,,,EN,2023-05-10T04:00:00.000Z
MALARIA_1STLINE_TREATED,Number of malaria cases treated with any first  line tx courses (including artemisinin-based combination therapies (ACTs)),numeric,SEAR,South-East Asia,Country,BGD,Bangladesh,Year,2018,false,,,,,,,,,,,,,10459,,,,,,10 459,,,EN,2023-05-10T04:00:00.000Z
MALARIA_1STLINE_TREATED,Number of malaria cases treated with any first  line tx courses (including artemisinin-based combination therapies (ACTs)),numeric,AFR,Africa,Country,BFA,Burkina Faso,Year,2018,false,,,,,,,,,,,,,10807674,,,,,,10 807 674,,,EN,2023-05-10T04:00:00.000Z
MALARIA_1STLINE_TREATED,Number of malaria cases treated with any first  line tx courses (including artemisinin-based combination therapies (ACTs)),numeric,SEAR,South-East Asia,Country,NPL,Nepal,Year,2018,false,,,,,,,,,,,,,1194,,,,,,1194,,,EN,2023-05-10T04:00:00.000Z
MALARIA_1STLINE_TREATED,Number of malaria cases treated with any first  line tx courses (including artemisinin-based combination therapies (ACTs)),numeric,SEAR,South-East Asia,Country,IDN,Indonesia,Year,2018,false,,,,,,,,,,,,,133860,,,,,,133 860,,,EN,2023-05-10T04:00:00.000Z
MALARIA_1STLINE_TREATED,Number of malaria cases treated with any first  line tx courses (including artemisinin-based combination therapies (ACTs)),numeric,AFR,Africa,Country,NGA,Nigeria,Year,2018,false,,,,,,,,,,,,,15853741,,,,,,15 853 741,,,EN,2023-05-10T04:00:00.000Z
MALARIA_1STLINE_TREATED,Number of malaria cases treated with any first  line tx courses (including artemisinin-based combination therapies (ACTs)),numeric,AMR,Americas,Country,NIC,Nicaragua,Year,2018,false,,,,,,,,,,,,,15934,,,,,,15 934,,,EN,2023-05-10T04:00:00.000Z
MALARIA_1STLINE_TREATED,Number of malaria cases treated with any first  line tx courses (including artemisinin-based combination therapies (ACTs)),numeric,AFR,Africa,Country,RWA,Rwanda,Year,2018,false,,,,,,,,,,,,,1610,,,,,,1610,,,EN,2023-05-10T04:00:00.000Z
MALARIA_1STLINE_TREATED,Number of malaria cases treated with any first  line tx courses (including artemisinin-based combination therapies (ACTs)),numeric,AFR,Africa,Country,GNB,Guinea-Bissau,Year,2018,false,,,,,,,,,,,,,162773,,,,,,162 773,,,EN,2023-05-10T04:00:00.000Z
MALARIA_1STLINE_TREATED,Number of malaria cases treated with any first  line tx courses (including artemisinin-based combination therapies (ACTs)),numeric,AFR,Africa,Country,COM,Comoros,Year,2018,false,,,,,,,,,,,,,19682,,,,,,19 682,,,EN,2023-05-10T04:00:00.000Z
MALARIA_1STLINE_TREATED,Number of malaria cases treated with any first  line tx courses (including artemisinin-based combination therapies (ACTs)),numeric,AFR,Africa,Country,SLE,Sierra Leone,Year,2018,false,,,,,,,,,,,,,2288125,,,,,,2 288 125,,,EN,2023-05-10T04:00:00.000Z
MALARIA_1STLINE_TREATED,Number of malaria cases treated with any first  line tx courses (including artemisinin-based combination therapies (ACTs)),numeric,AFR,Africa,Country,NER,Niger,Year,2018,false,,,,,,,,,,,,,2891780,,,,,,2 891 780,,,EN,2023-05-10T04:00:00.000Z
MALARIA_1STLINE_TREATED,Number of malaria cases treated with any first  line tx courses (including artemisinin-based combination therapies (ACTs)),numeric,AFR,Africa,Country,GAB,Gabon,Year,2018,false,,,,,,,,,,,,,208953,,,,,,208 953,,,EN,2023-05-10T04:00:00.000Z
MALARIA_1STLINE_TREATED,Number of malaria cases treated with any first  line tx courses (including artemisinin-based combination therapies (ACTs)),numeric,AFR,Africa,Country,ERI,Eritrea,Year,2018,false,,,,,,,,,,,,,23584,,,,,,23 584,,,EN,2023-05-10T04:00:00.000Z
MALARIA_1STLINE_TREATED,Number of malaria cases treated with any first  line tx courses (including artemisinin-based combination therapies (ACTs)),numeric,AFR,Africa,Country,UGA,Uganda,Year,2018,false,,,,,,,,,,,,,25275210,,,,,,25 275 210,,,EN,2023-05-10T04:00:00.000Z
MALARIA_1STLINE_TREATED,Number of malaria cases treated with any first  line tx courses (including artemisinin-based combination therapies (ACTs)),numeric,AFR,Africa,Country,MRT,Mauritania,Year,2018,false,,,,,,,,,,,,,25416,,,,,,25 416,,,EN,2023-05-10T04:00:00.000Z
MALARIA_1STLINE_TREATED,Number of malaria cases treated with any first  line tx courses (including artemisinin-based combination therapies (ACTs)),numeric,AFR,Africa,Country,ZMB,Zambia,Year,2018,false,,,,,,,,,,,,,27071994,,,,,,27 071 994,,,EN,2023-05-10T04:00:00.000Z
MALARIA_1STLINE_TREATED,Number of malaria cases treated with any first  line tx courses (including artemisinin-based combination therapies (ACTs)),numeric,AMR,Americas,Country,SUR,Suriname,Year,2018,false,,,,,,,,,,,,,275,,,,,,275,,,EN,2023-05-10T04:00:00.000Z
MALARIA_1STLINE_TREATED,Number of malaria cases treated with any first  line tx courses (including artemisinin-based combination therapies (ACTs)),numeric,AMR,Americas,Country,GTM,Guatemala,Year,2018,false,,,,,,,,,,,,,2785,,,,,,2785,,,EN,2023-05-10T04:00:00.000Z
MALARIA_1STLINE_TREATED,Number of malaria cases treated with any first  line tx courses (including artemisinin-based combination therapies (ACTs)),numeric,SEAR,South-East Asia,Country,IND,India,Year,2018,false,,,,,,,,,,,,,29453,,,,,,29 453,,,EN,2023-05-10T04:00:00.000Z
MALARIA_1STLINE_TREATED,Number of malaria cases treated with any first  line tx courses (including artemisinin-based combination therapies (ACTs)),numeric,AFR,Africa,Country,STP,Sao Tome and Principe,Year,2018,false,,,,,,,,,,,,,2940,,,,,,2940,,,EN,2023-05-10T04:00:00.000Z
MALARIA_1STLINE_TREATED,Number of malaria cases treated with any first  line tx courses (including artemisinin-based combination therapies (ACTs)),numeric,AFR,Africa,Country,GHA,Ghana,Year,2018,false,,,,,,,,,,,,,3862330,,,,,,3 862 330,,,EN,2023-05-10T04:00:00.000Z
MALARIA_1STLINE_TREATED,Number of malaria cases treated with any first  line tx courses (including artemisinin-based combination therapies (ACTs)),numeric,EMR,Eastern Mediterranean,Country,AFG,Afghanistan,Year,2018,false,,,,,,,,,,,,,31114,,,,,,31 114,,,EN,2023-05-10T04:00:00.000Z
MALARIA_1STLINE_TREATED,Number of malaria cases treated with any first  line tx courses (including artemisinin-based combination therapies (ACTs)),numeric,WPR,Western Pacific,Country,PNG,Papua New Guinea,Year,2018,false,,,,,,,,,,,,,337480,,,,,,337 480,,,EN,2023-05-10T04:00:00.000Z
MALARIA_1STLINE_TREATED,Number of malaria cases treated with any first  line tx courses (including artemisinin-based combination therapies (ACTs)),numeric,AFR,Africa,Country,BEN,Benin,Year,2018,false,,,,,,,,,,,,,340062,,,,,,340 062,,,EN,2023-05-10T04:00:00.000Z
MALARIA_1STLINE_TREATED,Number of malaria cases treated with any first  line tx courses (including artemisinin-based combination therapies (ACTs)),numeric,EMR,Eastern Mediterranean,Country,PAK,Pakistan,Year,2018,false,,,,,,,,,,,,,345565,,,,,,345 565,,,EN,2023-05-10T04:00:00.000Z
MALARIA_1STLINE_TREATED,Number of malaria cases treated with any first  line tx courses (including artemisinin-based combination therapies (ACTs)),numeric,AFR,Africa,Country,NAM,Namibia,Year,2018,false,,,,,,,,,,,,,35355,,,,,,35 355,,,EN,2023-05-10T04:00:00.000Z
MALARIA_1STLINE_TREATED,Number of malaria cases treated with any first  line tx courses (including artemisinin-based combination therapies (ACTs)),numeric,EMR,Eastern Mediterranean,Country,SDN,Sudan,Year,2018,false,,,,,,,,,,,,,4195600,,,,,,4 195 600,,,EN,2023-05-10T04:00:00.000Z
MALARIA_1STLINE_TREATED,Number of malaria cases treated with any first  line tx courses (including artemisinin-based combination therapies (ACTs)),numeric,AFR,Africa,Country,CIV,Côte d’Ivoire,Year,2018,false,,,,,,,,,,,,,4871874,,,,,,4 871 874,,,EN,2023-05-10T04:00:00.000Z
MALARIA_1STLINE_TREATED,Number of malaria cases treated with any first  line tx courses (including artemisinin-based combination therapies (ACTs)),numeric,AFR,Africa,Country,BDI,Burundi,Year,2018,false,,,,,,,,,,,,,4903851,,,,,,4 903 851,,,EN,2023-05-10T04:00:00.000Z
MALARIA_1STLINE_TREATED,Number of malaria cases treated with any first  line tx courses (including artemisinin-based combination therapies (ACTs)),numeric,AMR,Americas,Country,VEN,Venezuela (Bolivarian Republic of),Year,2018,false,,,,,,,,,,,,,404924,,,,,,404 924,,,EN,2023-05-10T04:00:00.000Z
MALARIA_1STLINE_TREATED,Number of malaria cases treated with any first  line tx courses (including artemisinin-based combination therapies (ACTs)),numeric,SEAR,South-East Asia,Country,THA,Thailand,Year,2018,false,,,,,,,,,,,,,4411,,,,,,4411,,,EN,2023-05-10T04:00:00.000Z
MALARIA_1STLINE_TREATED,Number of malaria cases treated with any first  line tx courses (including artemisinin-based combination therapies (ACTs)),numeric,AFR,Africa,Country,BWA,Botswana,Year,2018,false,,,,,,,,,,,,,451,,,,,,451,,,EN,2023-05-10T04:00:00.000Z
MALARIA_1STLINE_TREATED,Number of malaria cases treated with any first  line tx courses (including artemisinin-based combination therapies (ACTs)),numeric,WPR,Western Pacific,Country,VNM,Viet Nam,Year,2018,false,,,,,,,,,,,,,4525,,,,,,4525,,,EN,2023-05-10T04:00:00.000Z
MALARIA_1STLINE_TREATED,Number of malaria cases treated with any first  line tx courses (including artemisinin-based combination therapies (ACTs)),numeric,WPR,Western Pacific,Country,PHL,Philippines,Year,2018,false,,,,,,,,,,,,,4559,,,,,,4559,,,EN,2023-05-10T04:00:00.000Z
MALARIA_1STLINE_TREATED,Number of malaria cases treated with any first  line tx courses (including artemisinin-based combination therapies (ACTs)),numeric,EMR,Eastern Mediterranean,Country,SOM,Somalia,Year,2018,false,,,,,,,,,,,,,51819,,,,,,51 819,,,EN,2023-05-10T04:00:00.000Z
MALARIA_1STLINE_TREATED,Number of malaria cases treated with any first  line tx courses (including artemisinin-based combination therapies (ACTs)),numeric,SEAR,South-East Asia,Country,MMR,Myanmar,Year,2018,false,,,,,,,,,,,,,53056,,,,,,53 056,,,EN,2023-05-10T04:00:00.000Z
MALARIA_1STLINE_TREATED,Number of malaria cases treated with any first  line tx courses (including artemisinin-based combination therapies (ACTs)),numeric,AFR,Africa,Country,SEN,Senegal,Year,2018,false,,,,,,,,,,,,,530944,,,,,,530 944,,,EN,2023-05-10T04:00:00.000Z
MALARIA_1STLINE_TREATED,Number of malaria cases treated with any first  line tx courses (including artemisinin-based combination therapies (ACTs)),numeric,SEAR,South-East Asia,Country,BTN,Bhutan,Year,2018,false,,,,,,,,,,,,,54,,,,,,54,,,EN,2023-05-10T04:00:00.000Z
MALARIA_1STLINE_TREATED,Number of malaria cases treated with any first  line tx courses (including artemisinin-based combination therapies (ACTs)),numeric,AFR,Africa,Country,CMR,Cameroon,Year,2018,false,,,,,,,,,,,,,557576,,,,,,557 576,,,EN,2023-05-10T04:00:00.000Z
MALARIA_1STLINE_TREATED,Number of malaria cases treated with any first  line tx courses (including artemisinin-based combination therapies (ACTs)),numeric,AMR,Americas,Country,BOL,Bolivia (Plurinational State of),Year,2018,false,,,,,,,,,,,,,5920,,,,,,5920,,,EN,2023-05-10T04:00:00.000Z
MALARIA_1STLINE_TREATED,Number of malaria cases treated with any first  line tx courses (including artemisinin-based combination therapies (ACTs)),numeric,AFR,Africa,Country,AGO,Angola,Year,2018,false,,,,,,,,,,,,,6092332,,,,,,6 092 332,,,EN,2023-05-10T04:00:00.000Z
MALARIA_1STLINE_TREATED,Number of malaria cases treated with any first  line tx courses (including artemisinin-based combination therapies (ACTs)),numeric,AFR,Africa,Country,KEN,Kenya,Year,2018,false,,,,,,,,,,,,,6427624,,,,,,6 427 624,,,EN,2023-05-10T04:00:00.000Z
MALARIA_1STLINE_TREATED,Number of malaria cases treated with any first  line tx courses (including artemisinin-based combination therapies (ACTs)),numeric,WPR,Western Pacific,Country,KHM,Cambodia,Year,2018,false,,,,,,,,,,,,,60067,,,,,,60 067,,,EN,2023-05-10T04:00:00.000Z
MALARIA_1STLINE_TREATED,Number of malaria cases treated with any first  line tx courses (including artemisinin-based combination therapies (ACTs)),numeric,AFR,Africa,Country,SWZ,Eswatini,Year,2018,false,,,,,,,,,,,,,615,,,,,,615,,,EN,2023-05-10T04:00:00.000Z
MALARIA_1STLINE_TREATED,Number of malaria cases treated with any first  line tx courses (including artemisinin-based combination therapies (ACTs)),numeric,EMR,Eastern Mediterranean,Country,IRN,Iran (Islamic Republic of),Year,2018,false,,,,,,,,,,,,,626,,,,,,626,,,EN,2023-05-10T04:00:00.000Z
MALARIA_1STLINE_TREATED,Number of malaria cases treated with any first  line tx courses (including artemisinin-based combination therapies (ACTs)),numeric,WPR,Western Pacific,Country,VUT,Vanuatu,Year,2018,false,,,,,,,,,,,,,640,,,,,,640,,,EN,2023-05-10T04:00:00.000Z
MALARIA_1STLINE_TREATED,Number of malaria cases treated with any first  line tx courses (including artemisinin-based combination therapies (ACTs)),numeric,SEAR,South-East Asia,Country,PRK,Democratic People's Republic of Korea,Year,2018,false,,,,,,,,,,,,,641,,,,,,641,,,EN,2023-05-10T04:00:00.000Z
MALARIA_1STLINE_TREATED,Number of malaria cases treated with any first  line tx courses (including artemisinin-based combination therapies (ACTs)),numeric,AMR,Americas,Country,HND,Honduras,Year,2018,true,,,,,,,,,,,,,651,,,,,,651,,,EN,2023-05-10T04:00:00.000Z
MALARIA_1STLINE_TREATED,Number of malaria cases treated with any first  line tx courses (including artemisinin-based combination therapies (ACTs)),numeric,AFR,Africa,Country,MWI,Malawi,Year,2018,false,,,,,,,,,,,,,7043006,,,,,,7 043 006,,,EN,2023-05-10T04:00:00.000Z
MALARIA_1STLINE_TREATED,Number of malaria cases treated with any first  line tx courses (including artemisinin-based combination therapies (ACTs)),numeric,AFR,Africa,Country,TZA,United Republic of Tanzania,Year,2018,false,,,,,,,,,,,,,7600480,,,,,,7 600 480,,,EN,2023-05-10T04:00:00.000Z
MALARIA_1STLINE_TREATED,Number of malaria cases treated with any first  line tx courses (including artemisinin-based combination therapies (ACTs)),numeric,AFR,Africa,Country,ETH,Ethiopia,Year,2018,false,,,,,,,,,,,,,748601,,,,,,748 601,,,EN,2023-05-10T04:00:00.000Z
MALARIA_1STLINE_TREATED,Number of malaria cases treated with any first  line tx courses (including artemisinin-based combination therapies (ACTs)),numeric,AFR,Africa,Country,SSD,South Sudan,Year,2018,false,,,,,,,,,,,,,76328,,,,,,76 328,,,EN,2023-05-10T04:00:00.000Z
MALARIA_1STLINE_TREATED,Number of malaria cases treated with any first  line tx courses (including artemisinin-based combination therapies (ACTs)),numeric,AFR,Africa,Country,ZWE,Zimbabwe,Year,2018,false,,,,,,,,,,,,,76551,,,,,,76 551,,,EN,2023-05-10T04:00:00.000Z
MALARIA_1STLINE_TREATED,Number of malaria cases treated with any first  line tx courses (including artemisinin-based combination therapies (ACTs)),numeric,AMR,Americas,Country,GUY,Guyana,Year,2018,false,,,,,,,,,,,,,7814,,,,,,7814,,,EN,2023-05-10T04:00:00.000Z
MALARIA_1STLINE_TREATED,Number of malaria cases treated with any first  line tx courses (including artemisinin-based combination therapies (ACTs)),numeric,SEAR,South-East Asia,Country,TLS,Timor-Leste,Year,2018,false,,,,,,,,,,,,,8,,,,,,8,,,EN,2023-05-10T04:00:00.000Z
MALARIA_1STLINE_TREATED,Number of malaria cases treated with any first  line tx courses (including artemisinin-based combination therapies (ACTs)),numeric,AFR,Africa,Country,COD,Democratic Republic of the Congo,Year,2018,false,,,,,,,,,,,,,8997911,,,,,,8 997 911,,,EN,2023-05-10T04:00:00.000Z
MALARIA_1STLINE_TREATED,Number of malaria cases treated with any first  line tx courses (including artemisinin-based combination therapies (ACTs)),numeric,AMR,Americas,Country,HTI,Haiti,Year,2018,false,,,,,,,,,,,,,8296,,,,,,8296,,,EN,2023-05-10T04:00:00.000Z
MALARIA_1STLINE_TREATED,Number of malaria cases treated with any first  line tx courses (including artemisinin-based combination therapies (ACTs)),numeric,WPR,Western Pacific,Country,LAO,Lao People's Democratic Republic,Year,2018,false,,,,,,,,,,,,,8880,,,,,,8880,,,EN,2023-05-10T04:00:00.000Z
MALARIA_1STLINE_TREATED,Number of malaria cases treated with any first  line tx courses (including artemisinin-based combination therapies (ACTs)),numeric,AFR,Africa,Country,MDG,Madagascar,Year,2018,false,,,,,,,,,,,,,893163,,,,,,893 163,,,EN,2023-05-10T04:00:00.000Z
MALARIA_1STLINE_TREATED,Number of malaria cases treated with any first  line tx courses (including artemisinin-based combination therapies (ACTs)),numeric,AFR,Africa,Country,GMB,Gambia,Year,2018,false,,,,,,,,,,,,,90622,,,,,,90 622,,,EN,2023-05-10T04:00:00.000Z
MALARIA_1STLINE_TREATED,Number of malaria cases treated with any first  line tx courses (including artemisinin-based combination therapies (ACTs)),numeric,AFR,Africa,Country,LBR,Liberia,Year,2017,false,,,,,,,,,,,,,1500247,,,,,,1 500 247,,,EN,2023-05-10T04:00:00.000Z
MALARIA_1STLINE_TREATED,Number of malaria cases treated with any first  line tx courses (including artemisinin-based combination therapies (ACTs)),numeric,WPR,Western Pacific,Country,VUT,Vanuatu,Year,2017,false,,,,,,,,,,,,,1075,,,,,,1075,,,EN,2023-05-10T04:00:00.000Z
MALARIA_1STLINE_TREATED,Number of malaria cases treated with any first  line tx courses (including artemisinin-based combination therapies (ACTs)),numeric,AMR,Americas,Country,HTI,Haiti,Year,2017,false,,,,,,,,,,,,,18354,,,,,,18 354,,,EN,2023-05-10T04:00:00.000Z
MALARIA_1STLINE_TREATED,Number of malaria cases treated with any first  line tx courses (including artemisinin-based combination therapies (ACTs)),numeric,SEAR,South-East Asia,Country,TLS,Timor-Leste,Year,2017,false,,,,,,,,,,,,,30,,,,,,30,,,EN,2023-05-10T04:00:00.000Z
MALARIA_1STLINE_TREATED,Number of malaria cases treated with any first  line tx courses (including artemisinin-based combination therapies (ACTs)),numeric,AMR,Americas,Country,GTM,Guatemala,Year,2017,false,,,,,,,,,,,,,3673,,,,,,3673,,,EN,2023-05-10T04:00:00.000Z
MALARIA_1STLINE_TREATED,Number of malaria cases treated with any first  line tx courses (including artemisinin-based combination therapies (ACTs)),numeric,SEAR,South-East Asia,Country,PRK,Democratic People's Republic of Korea,Year,2017,false,,,,,,,,,,,,,3962,,,,,,3962,,,EN,2023-05-10T04:00:00.000Z
MALARIA_1STLINE_TREATED,Number of malaria cases treated with any first  line tx courses (including artemisinin-based combination therapies (ACTs)),numeric,SEAR,South-East Asia,Country,BTN,Bhutan,Year,2017,false,,,,,,,,,,,,,42,,,,,,42,,,EN,2023-05-10T04:00:00.000Z
MALARIA_1STLINE_TREATED,Number of malaria cases treated with any first  line tx courses (including artemisinin-based combination therapies (ACTs)),numeric,AMR,Americas,Country,SUR,Suriname,Year,2017,false,,,,,,,,,,,,,492,,,,,,492,,,EN,2023-05-10T04:00:00.000Z
MALARIA_1STLINE_TREATED,Number of malaria cases treated with any first  line tx courses (including artemisinin-based combination therapies (ACTs)),numeric,EMR,Eastern Mediterranean,Country,IRN,Iran (Islamic Republic of),Year,2017,false,,,,,,,,,,,,,533,,,,,,533,,,EN,2023-05-10T04:00:00.000Z
MALARIA_1STLINE_TREATED,Number of malaria cases treated with any first  line tx courses (including artemisinin-based combination therapies (ACTs)),numeric,AMR,Americas,Country,BOL,Bolivia (Plurinational State of),Year,2017,false,,,,,,,,,,,,,6623,,,,,,6623,,,EN,2023-05-10T04:00:00.000Z
